open,close,high,low,value,volume,begin,end
255.99,255.0,258.19,253.7,9165474633.3,35851840.0,2020-01-03,2020-01-03 23:59:59
254.75,253.9,254.84,251.4,5646009935.8,22348300.0,2020-01-06,2020-01-06 23:59:59
253.57,259.15,259.15,253.03,10485882097.9,40817240.0,2020-01-08,2020-01-08 23:59:59
259.4,257.99,261.76,257.01,9936032087.9,38329020.0,2020-01-09,2020-01-09 23:59:59
257.86,258.19,259.25,256.88,4864405366.3,18851390.0,2020-01-10,2020-01-10 23:59:59
258.3,262.4,262.4,257.15,6719255698.1,25855010.0,2020-01-13,2020-01-13 23:59:59
262.5,259.05,263.22,258.62,8103825686.4,31125740.0,2020-01-14,2020-01-14 23:59:59
258.49,256.31,258.91,254.21,12661740755.8,49361790.0,2020-01-15,2020-01-15 23:59:59
257.11,257.51,259.51,256.1,10367670370.1,40246770.0,2020-01-16,2020-01-16 23:59:59
258.2,262.5,262.82,257.75,11730973230.7,44914290.0,2020-01-17,2020-01-17 23:59:59
263.2,266.28,266.97,261.8,7891039716.6,29797710.0,2020-01-20,2020-01-20 23:59:59
265.5,268.06,268.9,263.02,10116243295.7,38082090.0,2020-01-21,2020-01-21 23:59:59
268.72,266.54,270.8,265.5,11869000221.9,44282490.0,2020-01-22,2020-01-22 23:59:59
264.64,263.73,266.89,262.24,10758037619.6,40604170.0,2020-01-23,2020-01-23 23:59:59
264.5,265.49,267.5,264.21,7262832432.3,27340100.0,2020-01-24,2020-01-24 23:59:59
261.0,255.32,262.1,255.32,14573355407.9,56453370.0,2020-01-27,2020-01-27 23:59:59
257.0,257.7,258.84,254.1,12365444789.1,48137360.0,2020-01-28,2020-01-28 23:59:59
258.4,259.94,261.57,257.61,9098209650.8,35047940.0,2020-01-29,2020-01-29 23:59:59
258.0,257.31,258.69,255.27,8167114682.7,31769340.0,2020-01-30,2020-01-30 23:59:59
258.5,252.2,259.2,252.17,12249844290.7,47921560.0,2020-01-31,2020-01-31 23:59:59
251.8,253.99,254.96,251.1,13363918755.6,52728460.0,2020-02-03,2020-02-03 23:59:59
255.3,255.4,257.38,252.9,12692962569.8,49786360.0,2020-02-04,2020-02-04 23:59:59
255.89,255.2,257.66,253.14,12992374109.8,50756570.0,2020-02-05,2020-02-05 23:59:59
256.5,252.11,258.0,251.86,11098851157.0,43615980.0,2020-02-06,2020-02-06 23:59:59
253.1,254.3,254.3,248.73,12648688569.6,50226630.0,2020-02-07,2020-02-07 23:59:59
254.55,252.26,255.73,252.07,8929308973.1,35220690.0,2020-02-10,2020-02-10 23:59:59
253.75,254.5,259.77,253.0,20381955261.5,79454730.0,2020-02-11,2020-02-11 23:59:59
255.4,254.5,255.49,252.31,13351886412.8,52523300.0,2020-02-12,2020-02-12 23:59:59
253.62,253.89,255.18,252.5,9314224120.0,36730840.0,2020-02-13,2020-02-13 23:59:59
254.4,251.75,254.4,251.4,7579007855.0,30017380.0,2020-02-14,2020-02-14 23:59:59
252.5,251.36,253.1,250.13,6637504387.0,26429380.0,2020-02-17,2020-02-17 23:59:59
250.07,249.2,250.44,247.57,9054245995.6,36365950.0,2020-02-18,2020-02-18 23:59:59
250.37,249.7,250.68,247.95,6437007441.5,25798890.0,2020-02-19,2020-02-19 23:59:59
250.03,250.15,252.17,249.13,7704063757.8,30717360.0,2020-02-20,2020-02-20 23:59:59
248.35,250.8,251.49,247.24,6926329901.6,27762930.0,2020-02-21,2020-02-21 23:59:59
247.98,245.19,249.0,245.17,10141332087.8,41055780.0,2020-02-25,2020-02-25 23:59:59
244.75,250.8,251.21,243.22,16724373957.7,67757850.0,2020-02-26,2020-02-26 23:59:59
247.5,242.88,248.98,242.0,14287528242.1,58240400.0,2020-02-27,2020-02-27 23:59:59
235.0,233.36,239.0,231.0,29250123419.3,124633310.0,2020-02-28,2020-02-28 23:59:59
238.93,228.17,241.0,218.86,23615359168.5,101986040.0,2020-03-02,2020-03-02 23:59:59
233.0,236.63,239.0,232.28,19695761022.1,83653950.0,2020-03-03,2020-03-03 23:59:59
234.13,235.27,236.7,232.62,12738292785.5,54274670.0,2020-03-04,2020-03-04 23:59:59
237.0,232.33,238.72,230.64,13359836777.1,57083760.0,2020-03-05,2020-03-05 23:59:59
228.0,219.99,229.2,216.67,23122055667.7,104446900.0,2020-03-06,2020-03-06 23:59:59
197.99,201.2,212.74,184.86,49385427971.3,244541800.0,2020-03-10,2020-03-10 23:59:59
202.0,194.53,204.33,192.05,27368963511.9,138304030.0,2020-03-11,2020-03-11 23:59:59
185.15,175.91,187.87,173.14,35646674940.5,197972880.0,2020-03-12,2020-03-12 23:59:59
175.0,198.6,199.52,174.3,50434232135.0,263038280.0,2020-03-13,2020-03-13 23:59:59
194.0,195.85,196.7,186.0,33462089397.7,174273600.0,2020-03-16,2020-03-16 23:59:59
195.0,184.01,204.78,183.8,35134438033.5,184148390.0,2020-03-17,2020-03-17 23:59:59
179.0,174.27,182.2,172.15,27438382586.0,155008180.0,2020-03-18,2020-03-18 23:59:59
178.5,189.51,190.15,173.06,34507099921.0,187427700.0,2020-03-19,2020-03-19 23:59:59
198.62,195.69,201.86,192.05,33640155970.2,170582970.0,2020-03-20,2020-03-20 23:59:59
188.0,183.37,190.99,182.1,29394019795.5,157891450.0,2020-03-23,2020-03-23 23:59:59
193.3,192.64,195.0,189.1,20144255967.3,104881990.0,2020-03-24,2020-03-24 23:59:59
196.38,188.08,201.0,182.32,36047953308.7,187978350.0,2020-03-25,2020-03-25 23:59:59
187.69,188.07,191.2,182.8,20794391118.5,111602370.0,2020-03-26,2020-03-26 23:59:59
188.05,180.38,188.97,180.17,20992083168.9,114277750.0,2020-03-27,2020-03-27 23:59:59
177.0,183.0,183.2,174.9,16984102870.2,94334680.0,2020-03-30,2020-03-30 23:59:59
186.0,187.21,188.77,184.25,21273110563.50001,114026920.0,2020-03-31,2020-03-31 20:30:07
183.2,184.78,185.47,182.0,14152323782.7,76826820.0,2020-04-01,2020-04-01 23:59:59
188.3,186.95,189.9,182.0,23370357267.7,125636360.0,2020-04-02,2020-04-02 23:59:59
186.6,185.64,187.49,184.28,17235065518.9,92860290.0,2020-04-03,2020-04-03 23:59:59
187.52,190.7,192.02,186.42,14703005110.4,77864920.0,2020-04-06,2020-04-06 23:59:59
193.02,197.63,200.54,193.02,26938901533.1,136421670.0,2020-04-07,2020-04-07 23:59:59
196.02,200.29,200.29,195.12,17786713217.2,89980980.0,2020-04-08,2020-04-08 23:59:59
202.4,203.61,205.44,199.3,22320788796.1,109981630.0,2020-04-09,2020-04-09 23:59:59
201.85,201.99,202.75,200.7,5800209935.8,28758250.0,2020-04-10,2020-04-10 23:59:59
202.0,198.26,202.16,197.32,8212681043.4,41284390.0,2020-04-13,2020-04-13 23:59:59
199.99,197.37,202.85,196.1,16029896035.5,80220070.0,2020-04-14,2020-04-14 23:59:59
196.0,186.07,196.25,186.06,18670648932.7,98164460.0,2020-04-15,2020-04-15 23:59:59
187.22,188.5,191.67,183.53,20595306653.4,109174870.0,2020-04-16,2020-04-16 23:59:59
192.5,191.8,192.7,188.28,13685370762.7,71727940.0,2020-04-17,2020-04-17 23:59:59
190.6,189.32,192.23,187.31,11794682206.4,62240080.0,2020-04-20,2020-04-20 23:59:59
185.54,186.05,187.5,183.65,17514787767.5,94307290.0,2020-04-21,2020-04-21 23:59:59
185.01,190.2,191.94,184.5,14242707865.6,75361890.0,2020-04-22,2020-04-22 23:59:59
191.99,190.94,192.5,188.68,11973068616.3,62759650.0,2020-04-23,2020-04-23 23:59:59
189.73,188.91,191.65,187.7,10472460449.3,55313850.0,2020-04-24,2020-04-24 23:59:59
189.98,188.9,190.5,188.43,8280718574.0,43711720.0,2020-04-27,2020-04-27 23:59:59
188.5,192.8,194.22,188.17,15058997718.5,78584780.0,2020-04-28,2020-04-28 23:59:59
194.46,195.8,195.8,192.86,13579539158.7,69842140.0,2020-04-29,2020-04-29 23:59:59
196.51,197.25,199.7,195.46,17208241261.6,87198650.0,2020-04-30,2020-04-30 23:59:59
195.68,193.69,195.68,193.26,10956456919.7,56398200.0,2020-05-04,2020-05-04 23:59:59
195.51,194.75,196.46,194.0,6913652876.1,35439260.0,2020-05-05,2020-05-05 23:59:59
195.0,195.7,197.23,194.3,9707394359.8,49561410.0,2020-05-06,2020-05-06 23:59:59
196.0,195.51,198.15,195.06,11343545876.3,57728990.0,2020-05-07,2020-05-07 23:59:59
196.0,196.02,196.25,194.6,6617841364.8,33836340.0,2020-05-08,2020-05-08 23:59:59
193.3,191.4,198.0,191.2,13070048549.5,67656880.0,2020-05-12,2020-05-12 23:59:59
190.05,187.31,190.6,186.66,11961690830.5,63466110.0,2020-05-13,2020-05-13 23:59:59
186.5,183.81,188.2,183.5,14231605183.4,76682120.0,2020-05-14,2020-05-14 23:59:59
186.13,183.85,186.78,183.33,11679302654.5,63148140.0,2020-05-15,2020-05-15 23:59:59
186.33,188.93,190.0,185.4,14534902238.5,77545890.0,2020-05-18,2020-05-18 23:59:59
190.37,189.0,192.55,186.8,19951575701.7,105324020.0,2020-05-19,2020-05-19 23:59:59
188.49,193.98,193.98,186.6,17813722381.1,93343040.0,2020-05-20,2020-05-20 23:59:59
194.0,192.4,196.31,191.5,15420063130.0,79541950.0,2020-05-21,2020-05-21 23:59:59
190.97,188.9,191.25,188.6,10819219615.2,57013570.0,2020-05-22,2020-05-22 23:59:59
189.62,191.0,191.31,188.8,4393812737.8,23140090.0,2020-05-25,2020-05-25 23:59:59
193.0,194.0,196.1,192.11,15409981368.9,79312200.0,2020-05-26,2020-05-26 23:59:59
194.0,198.51,198.97,193.32,22860566656.3,116074210.0,2020-05-27,2020-05-27 23:59:59
199.31,205.0,205.0,198.4,23677007418.1,117179670.0,2020-05-28,2020-05-28 23:59:59
204.11,200.5,204.4,199.17,21465081835.5,106653140.0,2020-05-29,2020-05-29 23:59:59
203.1,203.66,205.93,201.81,13373648341.9,65650670.0,2020-06-01,2020-06-01 23:59:59
204.67,212.0,212.0,204.0,24294100965.5,116868310.0,2020-06-02,2020-06-02 23:59:59
214.0,221.5,221.92,213.51,31549092543.7,145043730.0,2020-06-03,2020-06-03 23:59:59
220.67,213.1,221.0,212.55,26485488602.2,122494020.0,2020-06-04,2020-06-04 23:59:59
215.13,219.1,219.93,213.6,19225352020.3,88658860.0,2020-06-05,2020-06-05 23:59:59
219.8,220.3,223.15,217.45,19572072820.0,88826700.0,2020-06-08,2020-06-08 23:59:59
221.13,217.23,221.88,215.44,15045754084.5,69166250.0,2020-06-09,2020-06-09 23:59:59
217.0,212.53,217.58,211.82,19662728515.9,91895460.0,2020-06-10,2020-06-10 23:59:59
208.91,208.35,209.24,206.01,14524836992.8,70033060.0,2020-06-11,2020-06-11 23:59:59
205.07,207.32,207.85,202.3,15576360955.0,75996510.0,2020-06-15,2020-06-15 23:59:59
210.28,207.76,212.19,207.52,13980584331.2,66559110.0,2020-06-16,2020-06-16 23:59:59
208.52,208.14,210.35,206.94,11802788689.2,56578870.0,2020-06-17,2020-06-17 23:59:59
207.8,203.77,208.1,202.72,14802264834.6,72275760.0,2020-06-18,2020-06-18 23:59:59
205.44,207.0,209.2,204.55,15554563362.6,75045510.0,2020-06-19,2020-06-19 23:59:59
206.7,206.4,207.95,204.28,12074076979.8,58664110.0,2020-06-22,2020-06-22 23:59:59
207.7,207.3,209.74,206.43,11137767479.7,53487940.0,2020-06-23,2020-06-23 23:59:59
201.0,206.92,207.0,200.75,14541271980.8,71495220.0,2020-06-25,2020-06-25 23:59:59
206.97,203.15,207.5,201.76,9536028546.0,46690640.0,2020-06-26,2020-06-26 23:59:59
201.0,205.8,205.86,200.97,8775787315.9,43082680.0,2020-06-29,2020-06-29 23:59:59
205.7,203.22,206.0,202.36,8909592214.0,43754960.0,2020-06-30,2020-06-30 23:59:59
205.0,209.6,210.15,204.28,15895629292.0,76382050.0,2020-07-02,2020-07-02 23:59:59
210.0,210.95,211.97,209.0,10651660815.1,50644210.0,2020-07-03,2020-07-03 23:59:59
212.97,214.61,216.79,212.94,11914952236.6,55455110.0,2020-07-06,2020-07-06 23:59:59
213.0,210.53,214.23,210.51,9483841870.2,44728560.0,2020-07-07,2020-07-07 23:59:59
210.8,210.97,212.29,209.3,8859053776.1,42068480.0,2020-07-08,2020-07-08 23:59:59
210.7,209.11,211.7,208.1,9485167255.3,45189000.0,2020-07-09,2020-07-09 23:59:59
207.51,212.28,212.6,206.57,10603240360.5,50706520.0,2020-07-10,2020-07-10 23:59:59
213.87,208.39,214.2,208.11,10836025409.7,51331610.0,2020-07-13,2020-07-13 23:59:59
208.38,209.5,209.58,205.7,13674397301.5,66035020.0,2020-07-14,2020-07-14 23:59:59
210.29,211.09,211.8,207.65,10392614438.1,49529010.0,2020-07-15,2020-07-15 23:59:59
209.66,211.35,212.6,208.63,8222468883.2,39030370.0,2020-07-16,2020-07-16 23:59:59
211.69,210.81,212.18,209.86,7621648287.8,36140220.0,2020-07-17,2020-07-17 23:59:59
210.27,213.89,214.48,209.08,9408789104.0,44507600.0,2020-07-20,2020-07-20 23:59:59
215.0,215.73,219.1,214.38,16436006752.1,75649160.0,2020-07-21,2020-07-21 23:59:59
215.98,216.71,217.65,213.56,10453875884.8,48441000.0,2020-07-22,2020-07-22 23:59:59
217.5,215.41,219.28,215.0,9454102078.5,43424820.0,2020-07-23,2020-07-23 23:59:59
214.8,215.97,217.41,197.73,11521604596.7,53567220.0,2020-07-24,2020-07-24 23:59:59
216.7,216.9,218.38,215.15,8310553242.2,38321750.0,2020-07-27,2020-07-27 23:59:59
216.81,215.53,217.42,215.25,5319231657.0,24610340.0,2020-07-28,2020-07-28 23:59:59
215.89,219.18,219.18,215.63,9005920588.0,41346230.0,2020-07-29,2020-07-29 23:59:59
218.71,218.15,218.88,215.34,11138328730.9,51264970.0,2020-07-30,2020-07-30 23:59:59
218.19,221.57,221.98,217.43,13145917240.5,59709710.0,2020-07-31,2020-07-31 23:59:59
222.27,226.72,228.36,221.3,14565232568.0,64556650.0,2020-08-03,2020-08-03 23:59:59
227.39,227.16,228.85,225.63,9543108136.4,42017490.0,2020-08-04,2020-08-04 23:59:59
228.15,226.4,229.17,224.31,12399212426.2,54642900.0,2020-08-05,2020-08-05 23:59:59
226.75,226.0,227.43,224.35,6807374079.6,30164090.0,2020-08-06,2020-08-06 23:59:59
225.0,227.28,227.6,224.46,8061489862.1,35640160.0,2020-08-07,2020-08-07 23:59:59
227.96,225.99,228.7,224.51,9837842413.7,43502880.0,2020-08-10,2020-08-10 23:59:59
226.43,232.65,234.73,226.21,18901430660.7,81875170.0,2020-08-11,2020-08-11 23:59:59
233.12,242.4,242.5,233.03,24086072932.3,101002270.0,2020-08-12,2020-08-12 23:59:59
242.2,241.39,244.04,238.57,20686038715.6,85720330.0,2020-08-13,2020-08-13 23:59:59
242.0,239.99,242.22,238.47,10611904575.6,44284550.0,2020-08-14,2020-08-14 23:59:59
240.8,237.8,242.35,234.5,18405007815.5,77120410.0,2020-08-17,2020-08-17 23:59:59
236.88,236.3,239.83,235.69,8727611405.3,36762880.0,2020-08-18,2020-08-18 23:59:59
235.85,239.4,240.75,235.19,9128470275.9,38234650.0,2020-08-19,2020-08-19 23:59:59
238.44,232.48,238.51,230.33,27336230596.3,116941150.0,2020-08-20,2020-08-20 23:59:59
233.3,231.22,236.5,227.35,32170258945.3,138913060.0,2020-08-21,2020-08-21 23:59:59
232.5,231.81,233.7,230.2,10345016893.4,44546800.0,2020-08-24,2020-08-24 23:59:59
232.3,228.08,232.97,226.9,13519382620.3,58979870.0,2020-08-25,2020-08-25 23:59:59
228.3,227.8,229.4,224.7,17191544879.4,75779450.0,2020-08-26,2020-08-26 23:59:59
227.87,226.23,229.98,225.6,11613583692.0,51031070.0,2020-08-27,2020-08-27 23:59:59
227.0,226.3,228.1,225.19,9232406392.9,40748090.0,2020-08-28,2020-08-28 23:59:59
227.0,226.1,229.71,225.0,14071375876.6,62015070.0,2020-08-31,2020-08-31 23:59:59
226.7,227.64,227.97,226.01,8522787144.6,37550370.0,2020-09-01,2020-09-01 23:59:59
228.56,222.57,228.75,220.85,17450608746.8,77854040.0,2020-09-02,2020-09-02 23:59:59
221.67,218.32,224.23,218.0,15382475469.6,69470720.0,2020-09-03,2020-09-03 23:59:59
218.0,222.21,222.5,216.75,15500726113.3,70670060.0,2020-09-04,2020-09-04 23:59:59
221.5,221.32,224.2,220.5,13178570253.6,59334960.0,2020-09-07,2020-09-07 23:59:59
222.0,217.68,222.48,216.29,15302879362.2,70024350.0,2020-09-08,2020-09-08 23:59:59
217.01,218.0,218.88,216.8,10478057857.9,48062980.0,2020-09-09,2020-09-09 23:59:59
218.24,220.6,222.15,215.79,15594540161.9,71198540.0,2020-09-10,2020-09-10 23:59:59
221.46,221.07,223.15,219.75,10116610895.1,45688920.0,2020-09-11,2020-09-11 23:59:59
222.31,227.37,227.54,222.13,14157337173.7,62906200.0,2020-09-14,2020-09-14 23:59:59
228.22,231.5,231.95,227.39,14255629551.8,61905270.0,2020-09-15,2020-09-15 23:59:59
231.72,231.06,232.6,230.15,9156984436.9,39605930.0,2020-09-16,2020-09-16 23:59:59
229.1,231.46,231.75,228.57,11305308495.3,49126710.0,2020-09-17,2020-09-17 23:59:59
232.0,230.3,232.59,229.0,12588932834.6,54624840.0,2020-09-18,2020-09-18 23:59:59
229.88,226.25,230.07,223.49,15914876384.9,70303620.0,2020-09-21,2020-09-21 23:59:59
226.0,229.88,230.28,225.46,15206482113.8,66622080.0,2020-09-22,2020-09-22 23:59:59
230.02,228.5,232.1,227.61,16403578895.1,71299220.0,2020-09-23,2020-09-23 23:59:59
227.63,228.17,231.1,225.75,18732362394.8,81995110.0,2020-09-24,2020-09-24 23:59:59
229.0,228.24,229.3,226.25,13705991460.3,60248340.0,2020-09-25,2020-09-25 23:59:59
228.79,228.63,229.55,227.35,14741456973.9,64519830.0,2020-09-28,2020-09-28 23:59:59
228.88,225.48,228.88,223.1,20396145374.2,90417190.0,2020-09-29,2020-09-29 23:59:59
224.5,229.14,230.75,223.25,17872440194.2,78604470.0,2020-09-30,2020-09-30 23:59:59
229.08,227.23,229.9,226.86,17791063640.7,77828210.0,2020-10-01,2020-10-01 23:59:59
210.4,208.8,211.39,206.5,23838847083.7,114322450.0,2020-10-02,2020-10-02 23:59:59
209.65,208.89,210.69,207.72,9513875234.4,45601880.0,2020-10-05,2020-10-05 23:59:59
209.0,211.18,212.99,208.35,18494841962.5,87529560.0,2020-10-06,2020-10-06 23:59:59
211.3,210.6,212.66,209.03,13059113369.6,62052620.0,2020-10-07,2020-10-07 23:59:59
211.2,207.97,211.43,207.26,10346732010.9,49545460.0,2020-10-08,2020-10-08 23:59:59
208.47,205.38,208.96,204.4,13514648160.3,65518060.0,2020-10-09,2020-10-09 23:59:59
205.97,206.18,208.49,204.57,10804190710.5,52321380.0,2020-10-12,2020-10-12 23:59:59
205.92,205.03,207.64,204.77,9481495812.4,46023280.0,2020-10-13,2020-10-13 23:59:59
205.06,207.83,208.0,204.78,9685023432.1,46840170.0,2020-10-14,2020-10-14 23:59:59
207.46,203.85,207.57,201.95,15627615937.8,76502030.0,2020-10-15,2020-10-15 23:59:59
204.02,201.17,204.25,200.5,13392342059.7,66258500.0,2020-10-16,2020-10-16 23:59:59
201.55,202.78,204.0,201.55,9616800475.9,47421400.0,2020-10-19,2020-10-19 23:59:59
203.0,209.54,209.76,202.5,16761624910.9,80919110.0,2020-10-20,2020-10-20 23:59:59
210.04,210.33,213.25,208.9,17405263503.0,82509750.0,2020-10-21,2020-10-21 23:59:59
209.58,210.21,211.53,207.84,9827794477.3,46859510.0,2020-10-22,2020-10-22 23:59:59
210.0,214.5,214.73,209.15,16035135288.8,75361490.0,2020-10-23,2020-10-23 23:59:59
213.4,211.1,214.45,210.5,12523196337.9,58921210.0,2020-10-26,2020-10-26 23:59:59
211.5,207.64,212.29,206.66,12740888699.7,61084680.0,2020-10-27,2020-10-27 23:59:59
206.94,204.73,206.94,202.3,14346698389.2,70171420.0,2020-10-28,2020-10-28 23:59:59
206.5,205.58,207.33,203.64,18784577809.2,91505270.0,2020-10-29,2020-10-29 23:59:59
203.62,200.99,204.84,200.61,16956465782.8,83659620.0,2020-10-30,2020-10-30 23:59:59
200.45,204.5,204.59,196.15,16569318135.9,82335660.0,2020-11-02,2020-11-02 23:59:59
205.7,209.2,211.11,203.8,18755423471.8,90368710.0,2020-11-03,2020-11-03 23:59:59
214.4,216.7,218.65,211.43,32864048096.0,152554980.0,2020-11-05,2020-11-05 23:59:59
215.8,217.5,218.29,213.0,20569505846.9,94997390.0,2020-11-06,2020-11-06 23:59:59
220.0,228.05,231.3,218.7,49040624016.0,217536750.0,2020-11-09,2020-11-09 23:59:59
227.0,236.1,237.6,226.27,53418710876.7,229603230.0,2020-11-10,2020-11-10 23:59:59
237.0,244.2,245.98,236.89,56981091002.2,234843470.0,2020-11-11,2020-11-11 23:59:59
243.31,242.08,245.72,240.22,36869870227.7,151436920.0,2020-11-12,2020-11-12 23:59:59
242.01,242.99,244.14,238.62,25594975927.1,106150870.0,2020-11-13,2020-11-13 23:59:59
244.14,247.99,248.73,244.0,28152563676.1,113945190.0,2020-11-16,2020-11-16 23:59:59
248.0,245.7,249.84,243.41,23346224330.0,94918470.0,2020-11-17,2020-11-17 23:59:59
245.1,242.71,247.23,242.59,14733578918.6,60088940.0,2020-11-18,2020-11-18 23:59:59
242.5,240.27,243.49,237.34,23265463603.1,97143730.0,2020-11-19,2020-11-19 23:59:59
239.58,239.42,240.77,236.57,11633833057.0,48799870.0,2020-11-20,2020-11-20 23:59:59
240.45,239.7,243.87,238.52,18049549354.9,74832280.0,2020-11-23,2020-11-23 23:59:59
241.65,247.33,247.85,239.57,20602954853.6,84515780.0,2020-11-24,2020-11-24 23:59:59
248.0,251.91,252.2,246.55,33360645434.4,133397740.0,2020-11-25,2020-11-25 23:59:59
252.3,250.1,252.88,247.44,19957536265.9,79917590.0,2020-11-26,2020-11-26 23:59:59
250.3,251.59,252.26,248.03,12861398290.8,51431130.0,2020-11-27,2020-11-27 23:59:59
249.72,249.63,251.0,245.98,27926253239.0,112141620.0,2020-11-30,2020-11-30 23:59:59
250.75,260.81,260.99,249.8,33797756819.2,132069500.0,2020-12-01,2020-12-01 23:59:59
260.05,264.06,264.99,258.8,24485196875.8,93452130.0,2020-12-02,2020-12-02 23:59:59
264.5,263.14,264.63,260.85,16359009602.9,62240840.0,2020-12-03,2020-12-03 23:59:59
264.63,270.0,270.84,264.5,25436065778.4,94637930.0,2020-12-04,2020-12-04 23:59:59
269.0,274.36,276.13,268.1,25943614759.1,94793660.0,2020-12-07,2020-12-07 23:59:59
274.5,275.49,276.66,271.52,21641376994.2,78859920.0,2020-12-08,2020-12-08 23:59:59
276.4,276.89,279.42,275.87,20456907403.1,73639980.0,2020-12-09,2020-12-09 23:59:59
276.55,282.2,282.2,275.2,21123931442.1,75658690.0,2020-12-10,2020-12-10 23:59:59
282.5,283.73,284.6,279.78,21506659116.0,76101950.0,2020-12-11,2020-12-11 23:59:59
285.01,279.95,287.74,277.1,25581080169.8,90415250.0,2020-12-14,2020-12-14 23:59:59
278.53,278.7,283.76,276.07,23511052595.1,84193230.0,2020-12-15,2020-12-15 23:59:59
278.0,278.35,280.84,276.14,15220154497.2,54748960.0,2020-12-16,2020-12-16 23:59:59
279.81,278.5,285.16,276.54,25872189748.4,92138550.0,2020-12-17,2020-12-17 23:59:59
277.22,270.16,277.4,268.52,27030760585.1,99271840.0,2020-12-18,2020-12-18 23:59:59
266.2,261.79,267.34,259.7,31683374762.3,120517950.0,2020-12-21,2020-12-21 23:59:59
259.55,262.04,267.42,257.05,27826353526.9,105490480.0,2020-12-22,2020-12-22 23:59:59
262.25,270.1,270.29,260.22,18051634580.6,67938790.0,2020-12-23,2020-12-23 23:59:59
271.98,269.32,272.82,267.13,11504527659.8,42614450.0,2020-12-24,2020-12-24 23:59:59
269.97,270.64,271.0,268.28,3235057865.1,11989750.0,2020-12-25,2020-12-25 23:59:59
270.9,274.7,275.19,269.73,10633510029.9,39043430.0,2020-12-28,2020-12-28 23:59:59
275.91,272.0,276.43,271.26,10692369375.8,39021610.0,2020-12-29,2020-12-29 23:59:59
272.49,271.65,274.24,270.12,8575812006.4,31530660.0,2020-12-30,2020-12-30 23:59:59
274.67,272.0,276.6,270.61,13434542974.0,48922920.0,2021-01-04,2021-01-04 23:59:59
272.69,275.2,275.7,270.28,12449940093.5,45583910.0,2021-01-05,2021-01-05 23:59:59
275.94,272.93,275.94,271.62,11198786354.7,40948520.0,2021-01-06,2021-01-06 23:59:59
275.11,283.64,283.99,275.11,24965598229.2,88928790.0,2021-01-08,2021-01-08 23:59:59
282.86,289.49,292.95,279.48,32387587949.7,112349520.0,2021-01-11,2021-01-11 23:59:59
290.88,289.99,296.07,286.7,23033207791.0,78962360.0,2021-01-12,2021-01-12 23:59:59
291.01,283.78,292.46,283.1,19329406068.2,67559080.0,2021-01-13,2021-01-13 23:59:59
284.0,284.79,286.9,279.06,21166553940.6,74673700.0,2021-01-14,2021-01-14 23:59:59
282.55,276.9,286.16,276.0,20704258669.7,73774870.0,2021-01-15,2021-01-15 23:59:59
275.72,279.79,281.3,272.95,20519303291.8,73935650.0,2021-01-18,2021-01-18 23:59:59
280.98,278.19,282.8,276.42,15657703355.8,55998820.0,2021-01-19,2021-01-19 23:59:59
278.62,279.8,282.49,276.77,13410105295.4,47940980.0,2021-01-20,2021-01-20 23:59:59
280.75,274.4,281.54,272.84,23104211857.2,83795610.0,2021-01-21,2021-01-21 23:59:59
273.0,268.25,273.3,266.78,23425721074.9,87007610.0,2021-01-22,2021-01-22 23:59:59
271.0,265.3,273.63,261.65,30573885594.7,114330950.0,2021-01-25,2021-01-25 23:59:59
262.7,269.34,269.57,262.61,20081806624.3,75228120.0,2021-01-26,2021-01-26 23:59:59
270.07,265.5,273.8,265.02,26983357696.7,100093260.0,2021-01-27,2021-01-27 23:59:59
263.5,265.96,267.17,261.17,21478838736.4,81253290.0,2021-01-28,2021-01-28 23:59:59
263.77,258.11,264.75,257.36,31282157083.1,120123710.0,2021-01-29,2021-01-29 23:59:59
260.0,263.8,264.06,258.73,16517036893.1,63130400.0,2021-02-01,2021-02-01 23:59:59
265.0,263.15,268.39,263.05,21130912921.8,79534190.0,2021-02-02,2021-02-02 23:59:59
264.32,263.53,268.14,261.05,20508495277.8,77648760.0,2021-02-03,2021-02-03 23:59:59
263.21,270.11,270.6,262.34,21060053221.8,78929290.0,2021-02-04,2021-02-04 23:59:59
271.99,271.7,272.57,268.87,19443149796.1,71806820.0,2021-02-05,2021-02-05 23:59:59
273.01,275.2,275.58,272.32,14217396460.7,51878390.0,2021-02-08,2021-02-08 23:59:59
275.99,268.98,276.29,267.19,24881954493.2,91921510.0,2021-02-09,2021-02-09 23:59:59
269.28,265.9,270.99,265.2,16918200383.1,63087490.0,2021-02-10,2021-02-10 23:59:59
265.5,264.7,266.9,263.75,10250368666.9,38669800.0,2021-02-11,2021-02-11 23:59:59
264.0,266.0,266.44,258.55,21386688670.7,81658530.0,2021-02-12,2021-02-12 23:59:59
268.49,271.81,271.87,267.07,15321628602.6,56945310.0,2021-02-15,2021-02-15 23:59:59
272.3,270.9,272.8,268.27,17059296191.7,63103170.0,2021-02-16,2021-02-16 23:59:59
270.99,270.9,275.07,267.56,21493440752.3,79103850.0,2021-02-17,2021-02-17 23:59:59
270.35,266.99,272.46,266.21,15803278522.1,58729690.0,2021-02-18,2021-02-18 23:59:59
266.12,271.34,272.81,264.19,15897066063.1,59268550.0,2021-02-19,2021-02-19 23:59:59
271.0,270.51,271.0,269.02,2365150617.1,8763250.0,2021-02-20,2021-02-20 23:59:59
270.1,273.71,274.46,268.12,13063828693.3,48129770.0,2021-02-22,2021-02-22 23:59:59
272.12,271.9,272.75,269.42,17398895710.6,64190320.0,2021-02-24,2021-02-24 23:59:59
273.6,270.71,276.48,270.65,21852880680.8,79716010.0,2021-02-25,2021-02-25 23:59:59
268.0,270.17,272.49,266.43,20205917011.1,74892050.0,2021-02-26,2021-02-26 23:59:59
273.0,273.58,274.73,271.13,9812239879.7,35962010.0,2021-03-01,2021-03-01 23:59:59
271.89,279.1,280.0,271.6,19802839822.7,71566360.0,2021-03-02,2021-03-02 23:59:59
281.7,278.01,283.83,277.63,18069380424.4,64275320.0,2021-03-03,2021-03-03 23:59:59
278.5,274.75,281.96,273.63,25572715633.1,91991370.0,2021-03-04,2021-03-04 23:59:59
276.0,277.5,278.98,272.76,23006360823.0,83551110.0,2021-03-05,2021-03-05 23:59:59
278.8,285.79,286.38,277.56,20623220749.3,72788180.0,2021-03-09,2021-03-09 23:59:59
285.24,282.24,288.0,281.0,15689655145.4,55155180.0,2021-03-10,2021-03-10 23:59:59
283.84,286.0,286.38,282.3,13468791279.1,47365180.0,2021-03-11,2021-03-11 23:59:59
286.3,284.93,287.49,282.82,14696936110.3,51540190.0,2021-03-12,2021-03-12 23:59:59
286.05,292.74,292.92,285.28,19694478523.7,67805740.0,2021-03-15,2021-03-15 23:59:59
293.06,292.33,293.88,288.61,15706960115.0,53921730.0,2021-03-16,2021-03-16 23:59:59
292.35,283.35,293.25,279.6,31420312827.6,110292330.0,2021-03-17,2021-03-17 23:59:59
284.04,279.25,285.79,278.24,20952188477.5,74128740.0,2021-03-18,2021-03-18 23:59:59
279.0,285.47,286.31,278.03,23896683369.4,84249430.0,2021-03-19,2021-03-19 23:59:59
285.0,288.65,291.2,283.08,18072432468.3,62762410.0,2021-03-22,2021-03-22 23:59:59
287.56,282.6,288.3,282.11,20134876840.3,70760630.0,2021-03-23,2021-03-23 23:59:59
283.4,285.79,288.0,282.25,13241823616.1,46411230.0,2021-03-24,2021-03-24 23:59:59
286.5,286.66,287.03,283.85,10061257317.5,35216620.0,2021-03-25,2021-03-25 23:59:59
288.63,291.22,292.75,288.32,16285019984.6,56072880.0,2021-03-26,2021-03-26 23:59:59
289.72,293.3,294.09,289.26,12776627652.5,43681330.0,2021-03-29,2021-03-29 23:59:59
294.86,293.25,295.72,291.5,11386510532.1,38806220.0,2021-03-30,2021-03-30 23:59:59
294.0,291.02,294.42,290.26,13722588078.6,46996880.0,2021-03-31,2021-03-31 23:59:59
292.0,290.24,294.72,288.43,15048904346.4,51601440.0,2021-04-01,2021-04-01 23:59:59
290.81,291.7,292.4,289.14,5610346088.3,19279180.0,2021-04-02,2021-04-02 23:59:59
290.8,288.78,291.48,287.07,10211978871.6,35363370.0,2021-04-05,2021-04-05 23:59:59
289.0,281.5,289.43,281.37,22023585643.8,77530890.0,2021-04-06,2021-04-06 23:59:59
281.68,283.98,284.29,278.54,20938831900.0,74146060.0,2021-04-07,2021-04-07 23:59:59
284.88,283.89,286.2,282.17,14569845805.9,51289780.0,2021-04-08,2021-04-08 23:59:59
283.47,281.07,283.79,280.09,11271736294.7,40033420.0,2021-04-09,2021-04-09 23:59:59
278.2,281.75,285.35,278.0,16143449066.2,57180030.0,2021-04-12,2021-04-12 23:59:59
282.93,287.95,288.2,281.14,19307788768.4,67973530.0,2021-04-13,2021-04-13 23:59:59
290.0,287.18,291.58,286.72,17158515624.6,59364940.0,2021-04-14,2021-04-14 23:59:59
281.5,283.72,285.19,280.87,24900273563.2,88048600.0,2021-04-15,2021-04-15 23:59:59
285.71,288.5,289.3,284.08,18209910712.5,63499000.0,2021-04-16,2021-04-16 23:59:59
287.86,287.72,289.25,286.04,14768633036.5,51327720.0,2021-04-19,2021-04-19 23:59:59
288.9,287.42,290.92,286.59,18231430821.4,63197880.0,2021-04-20,2021-04-20 23:59:59
288.01,289.25,290.2,287.06,14366094028.1,49792800.0,2021-04-21,2021-04-21 23:59:59
289.04,292.18,294.67,286.93,21455730263.7,73632070.0,2021-04-22,2021-04-22 23:59:59
293.1,293.19,294.2,290.78,12479394619.2,42651330.0,2021-04-23,2021-04-23 23:59:59
294.3,295.27,296.48,293.1,13489611763.3,45760050.0,2021-04-26,2021-04-26 23:59:59
295.74,298.5,300.25,295.61,18736951208.9,62853160.0,2021-04-27,2021-04-27 23:59:59
299.0,298.49,299.26,295.89,12086194096.3,40622520.0,2021-04-28,2021-04-28 23:59:59
301.0,297.1,301.84,294.79,17035466804.4,57082260.0,2021-04-29,2021-04-29 23:59:59
296.92,297.73,298.1,295.03,10590175090.3,35679650.0,2021-04-30,2021-04-30 23:59:59
298.7,303.7,304.23,298.2,18254360973.5,60457530.0,2021-05-04,2021-05-04 23:59:59
304.01,305.99,306.03,302.71,12686338080.0,41715270.0,2021-05-05,2021-05-05 23:59:59
306.29,314.72,314.98,306.25,19445261780.6,62565270.0,2021-05-06,2021-05-06 23:59:59
316.0,317.94,319.16,315.48,17932443392.3,56433970.0,2021-05-07,2021-05-07 23:59:59
318.26,320.19,320.19,314.31,18859902204.9,59248110.0,2021-05-10,2021-05-10 23:59:59
303.0,307.16,309.48,301.0,24461595534.6,79945470.0,2021-05-11,2021-05-11 23:59:59
307.39,302.02,309.24,302.0,17117472278.0,56142830.0,2021-05-12,2021-05-12 23:59:59
302.11,306.74,306.86,299.33,17480492963.7,57721460.0,2021-05-13,2021-05-13 23:59:59
308.2,304.1,308.24,302.33,8184103496.4,26858430.0,2021-05-14,2021-05-14 23:59:59
303.5,303.94,305.24,301.01,8602278545.3,28384220.0,2021-05-17,2021-05-17 23:59:59
305.01,305.78,306.62,303.33,10826259827.2,35496400.0,2021-05-18,2021-05-18 23:59:59
304.38,297.0,304.88,295.1,21447203504.1,71747950.0,2021-05-19,2021-05-19 23:59:59
297.94,296.72,298.37,293.0,17309608890.0,58510610.0,2021-05-20,2021-05-20 23:59:59
296.85,301.23,302.98,294.9,15412865248.4,51415080.0,2021-05-21,2021-05-21 23:59:59
302.02,300.7,304.75,299.59,9305994897.1,30831530.0,2021-05-24,2021-05-24 23:59:59
301.77,306.8,307.4,301.57,11446226253.2,37547680.0,2021-05-25,2021-05-25 23:59:59
307.84,307.01,309.5,305.33,10872171628.4,35358520.0,2021-05-26,2021-05-26 23:59:59
306.39,312.72,313.9,305.72,22015829895.0,70753690.0,2021-05-27,2021-05-27 23:59:59
313.3,309.56,314.0,309.06,11019520782.9,35484140.0,2021-05-28,2021-05-28 23:59:59
309.3,310.79,312.6,308.82,7358441686.8,23683010.0,2021-05-31,2021-05-31 23:59:59
312.6,311.6,314.17,310.03,11760039651.1,37655890.0,2021-06-01,2021-06-01 23:59:59
311.6,313.98,314.0,310.61,8442830252.9,27008780.0,2021-06-02,2021-06-02 23:59:59
314.81,312.41,315.71,309.87,10797490935.7,34546320.0,2021-06-03,2021-06-03 23:59:59
313.0,310.94,313.0,307.6,11511460400.7,37126650.0,2021-06-04,2021-06-04 23:59:59
310.03,315.53,316.0,308.57,12604316205.2,40197440.0,2021-06-07,2021-06-07 23:59:59
315.29,314.83,316.18,312.5,10985227365.0,34944620.0,2021-06-08,2021-06-08 23:59:59
315.0,314.78,315.9,312.9,7911580970.5,25152290.0,2021-06-09,2021-06-09 23:59:59
314.87,314.62,316.58,313.76,9205108791.4,29211800.0,2021-06-10,2021-06-10 23:59:59
314.88,313.0,315.08,312.5,6874717176.9,21924900.0,2021-06-11,2021-06-11 23:59:59
313.48,314.12,314.87,310.4,7981522587.1,25517710.0,2021-06-14,2021-06-14 23:59:59
314.14,312.51,315.6,312.4,9338359538.4,29741250.0,2021-06-15,2021-06-15 23:59:59
312.5,311.61,314.54,311.03,11970095572.4,38253860.0,2021-06-16,2021-06-16 23:59:59
311.0,313.9,315.42,310.46,13921831113.0,44322800.0,2021-06-17,2021-06-17 23:59:59
312.9,309.3,313.82,308.13,19369747579.7,62462450.0,2021-06-18,2021-06-18 23:59:59
308.47,310.4,310.4,306.56,11127233121.1,36129780.0,2021-06-21,2021-06-21 23:59:59
310.79,309.73,311.17,308.13,7286583759.1,23538080.0,2021-06-22,2021-06-22 23:59:59
310.45,309.79,312.0,308.69,7704930824.2,24831290.0,2021-06-23,2021-06-23 23:59:59
309.8,310.0,311.2,308.84,6120601296.5,19725240.0,2021-06-24,2021-06-24 23:59:59
310.58,311.81,312.5,309.82,7045361825.6,22598640.0,2021-06-25,2021-06-25 23:59:59
311.77,309.48,312.06,309.13,6037009686.4,19460180.0,2021-06-28,2021-06-28 23:59:59
308.7,306.1,309.23,303.66,10398990877.1,33944770.0,2021-06-29,2021-06-29 23:59:59
306.19,306.45,306.91,303.34,9623571888.2,31549580.0,2021-06-30,2021-06-30 23:59:59
306.0,305.78,307.35,305.0,6115741878.3,19989790.0,2021-07-01,2021-07-01 23:59:59
305.52,307.39,308.37,304.71,8878528675.3,28908330.0,2021-07-02,2021-07-02 23:59:59
307.81,307.0,308.11,304.8,5056652727.5,16509700.0,2021-07-05,2021-07-05 23:59:59
307.32,303.34,307.59,302.37,9947377150.2,32694440.0,2021-07-06,2021-07-06 23:59:59
303.98,304.06,306.2,302.85,6904870033.4,22676030.0,2021-07-07,2021-07-07 23:59:59
303.0,302.63,304.3,300.62,9291231244.7,30771300.0,2021-07-08,2021-07-08 23:59:59
302.7,303.56,304.1,301.22,6221033067.9,20527240.0,2021-07-09,2021-07-09 23:59:59
303.55,306.23,306.27,301.52,7698399076.0,25302270.0,2021-07-12,2021-07-12 23:59:59
306.81,303.0,307.22,302.11,6464658959.4,21270580.0,2021-07-13,2021-07-13 23:59:59
302.7,301.5,303.69,300.74,7237029789.3,23974320.0,2021-07-14,2021-07-14 23:59:59
301.13,301.72,303.5,299.77,6369475563.9,21111670.0,2021-07-15,2021-07-15 23:59:59
302.05,298.85,304.78,298.57,10423278055.1,34533280.0,2021-07-16,2021-07-16 23:59:59
298.0,291.46,298.36,290.03,12140364229.1,41320510.0,2021-07-19,2021-07-19 23:59:59
292.33,296.1,296.8,292.3,10479634188.6,35594130.0,2021-07-20,2021-07-20 23:59:59
296.0,294.86,296.94,293.54,5176146679.3,17541560.0,2021-07-21,2021-07-21 23:59:59
295.77,297.27,298.17,294.43,6033649682.7,20344800.0,2021-07-22,2021-07-22 23:59:59
297.49,296.38,298.69,295.04,4439946470.0,14967220.0,2021-07-23,2021-07-23 23:59:59
294.0,303.34,303.68,291.98,10175480067.2,34024050.0,2021-07-26,2021-07-26 23:59:59
302.66,299.71,304.59,299.38,11625473240.2,38608790.0,2021-07-27,2021-07-27 23:59:59
300.43,302.9,302.98,300.0,8142734620.6,27009120.0,2021-07-28,2021-07-28 23:59:59
304.13,303.12,305.27,303.03,8520685080.9,28037210.0,2021-07-29,2021-07-29 23:59:59
302.48,305.59,306.67,301.12,15157391539.0,49731920.0,2021-07-30,2021-07-30 23:59:59
306.23,306.51,308.63,306.06,9712485073.5,31593540.0,2021-08-02,2021-08-02 23:59:59
306.31,309.89,309.89,306.25,10476332321.7,33931370.0,2021-08-03,2021-08-03 23:59:59
310.26,311.1,312.0,309.25,9619501057.0,30932050.0,2021-08-04,2021-08-04 23:59:59
311.02,315.82,315.91,310.82,11711056494.3,37329160.0,2021-08-05,2021-08-05 23:59:59
316.2,319.15,320.0,315.31,17250983207.7,54141450.0,2021-08-06,2021-08-06 23:59:59
318.59,326.91,328.3,317.62,23364951835.9,72070400.0,2021-08-09,2021-08-09 23:59:59
328.05,330.11,331.29,326.97,13686731557.3,41541930.0,2021-08-10,2021-08-10 23:59:59
330.7,329.9,330.98,326.21,11340789530.3,34452160.0,2021-08-11,2021-08-11 23:59:59
330.0,328.57,330.64,327.3,6906044138.1,21002650.0,2021-08-12,2021-08-12 23:59:59
328.6,328.68,330.27,327.31,6185311247.9,18816130.0,2021-08-13,2021-08-13 23:59:59
327.59,329.36,330.52,327.13,7890432812.2,23953750.0,2021-08-16,2021-08-16 23:59:59
329.0,334.5,335.7,328.55,14178855630.2,42472520.0,2021-08-17,2021-08-17 23:59:59
336.0,334.9,338.99,333.26,12240538414.4,36356910.0,2021-08-18,2021-08-18 23:59:59
333.5,332.69,334.0,329.1,15294644907.6,46184030.0,2021-08-19,2021-08-19 23:59:59
332.02,325.67,333.27,325.17,11920865393.1,36393250.0,2021-08-20,2021-08-20 23:59:59
327.85,329.22,329.81,326.55,6771726247.3,20613110.0,2021-08-23,2021-08-23 23:59:59
330.43,324.83,331.22,323.32,11661785449.4,35762700.0,2021-08-24,2021-08-24 23:59:59
324.3,324.57,325.32,321.26,9091893016.7,28105390.0,2021-08-25,2021-08-25 23:59:59
324.03,322.54,325.55,320.58,8889442613.5,27529220.0,2021-08-26,2021-08-26 23:59:59
323.71,327.41,327.5,321.8,9037851562.1,27848390.0,2021-08-27,2021-08-27 23:59:59
328.43,328.28,329.38,326.51,6693382122.6,20402150.0,2021-08-30,2021-08-30 23:59:59
328.5,327.94,330.48,327.3,10674890258.7,32464730.0,2021-08-31,2021-08-31 23:59:59
328.87,334.57,334.64,328.03,10163146008.5,30698660.0,2021-09-01,2021-09-01 23:59:59
334.67,329.0,334.91,328.77,10480537445.5,31605740.0,2021-09-02,2021-09-02 23:59:59
329.47,329.71,330.53,326.62,9726769112.2,29626390.0,2021-09-03,2021-09-03 23:59:59
330.0,329.37,331.45,328.5,5770432011.0,17491440.0,2021-09-06,2021-09-06 23:59:59
329.82,325.96,330.73,324.64,7987373264.7,24448110.0,2021-09-07,2021-09-07 23:59:59
325.96,331.7,332.74,322.84,15740553281.4,47841520.0,2021-09-08,2021-09-08 23:59:59
330.4,326.01,330.4,325.69,9825197205.3,29962700.0,2021-09-09,2021-09-09 23:59:59
328.01,326.25,328.43,325.21,5729049099.3,17532340.0,2021-09-10,2021-09-10 23:59:59
327.01,327.41,328.14,324.01,7938937327.1,24365060.0,2021-09-13,2021-09-13 23:59:59
327.45,326.48,328.84,325.48,7368952203.4,22505240.0,2021-09-14,2021-09-14 23:59:59
326.46,333.51,334.6,326.46,14527591562.8,43834510.0,2021-09-15,2021-09-15 23:59:59
333.04,326.99,334.5,324.91,20507737106.1,62503480.0,2021-09-16,2021-09-16 23:59:59
326.9,329.56,331.73,325.7,17871079350.1,54126320.0,2021-09-17,2021-09-17 23:59:59
327.01,326.92,328.85,325.0,10401831490.4,31832600.0,2021-09-20,2021-09-20 23:59:59
328.44,323.25,329.48,322.39,15522239088.4,47769290.0,2021-09-21,2021-09-21 23:59:59
325.28,327.8,328.9,322.5,12463834230.6,38198960.0,2021-09-22,2021-09-22 23:59:59
328.94,327.02,329.4,325.13,8851933420.7,27071410.0,2021-09-23,2021-09-23 23:59:59
326.08,325.44,326.23,323.62,7989126504.7,24584330.0,2021-09-24,2021-09-24 23:59:59
326.39,331.68,332.46,326.09,11349159556.7,34410300.0,2021-09-27,2021-09-27 23:59:59
332.07,329.3,334.48,328.32,17401187015.8,52542880.0,2021-09-28,2021-09-28 23:59:59
329.09,328.43,330.45,327.15,9089927992.7,27649210.0,2021-09-29,2021-09-29 23:59:59
329.98,340.99,342.2,329.45,28126964094.4,83622260.0,2021-09-30,2021-09-30 23:59:59
339.21,338.48,339.94,336.08,12711650647.5,37690990.0,2021-10-01,2021-10-01 23:59:59
337.9,345.85,349.31,336.22,20681506812.0,60125260.0,2021-10-04,2021-10-04 23:59:59
346.78,363.2,365.0,344.9,30825175209.9,86824850.0,2021-10-05,2021-10-05 23:59:59
366.0,364.28,375.48,359.35,35040194593.9,95804990.0,2021-10-06,2021-10-06 23:59:59
367.69,368.93,374.0,365.88,18307876011.9,49555650.0,2021-10-07,2021-10-07 23:59:59
370.0,373.01,374.55,368.0,11527412588.4,31050580.0,2021-10-08,2021-10-08 23:59:59
375.0,387.6,388.11,375.0,25575373781.3,66699560.0,2021-10-11,2021-10-11 23:59:59
385.88,377.79,386.86,376.72,19716234876.2,51665490.0,2021-10-12,2021-10-12 23:59:59
378.86,378.8,380.91,370.81,20580875845.5,54687330.0,2021-10-13,2021-10-13 23:59:59
382.0,376.09,383.13,374.57,13743991379.8,36363890.0,2021-10-14,2021-10-14 23:59:59
377.92,371.82,378.41,370.43,13934166254.1,37369170.0,2021-10-15,2021-10-15 23:59:59
369.35,364.6,369.91,363.75,13978826905.5,38233180.0,2021-10-18,2021-10-18 23:59:59
366.14,373.18,373.4,361.5,14729685626.4,40031730.0,2021-10-19,2021-10-19 23:59:59
371.83,370.16,371.97,367.1,10172889099.5,27537590.0,2021-10-20,2021-10-20 23:59:59
368.2,364.6,371.14,363.2,8989902917.2,24501070.0,2021-10-21,2021-10-21 23:59:59
364.0,364.37,370.39,362.37,9671339875.3,26378840.0,2021-10-22,2021-10-22 23:59:59
366.2,369.99,371.7,361.68,13114090088.6,35639850.0,2021-10-25,2021-10-25 23:59:59
369.89,372.16,374.63,365.66,15483820091.2,41833770.0,2021-10-26,2021-10-26 23:59:59
371.0,371.36,374.0,366.51,13495141235.6,36450620.0,2021-10-27,2021-10-27 23:59:59
370.5,365.36,374.92,362.32,19761549155.8,53892680.0,2021-10-28,2021-10-28 23:59:59
364.34,356.14,364.34,352.68,19154550770.8,53541990.0,2021-10-29,2021-10-29 23:59:59
356.15,370.96,371.47,356.14,20108431916.7,55134640.0,2021-11-01,2021-11-01 23:59:59
371.0,370.7,374.0,367.2,13981183328.4,37723170.0,2021-11-02,2021-11-02 23:59:59
370.0,370.13,370.5,365.03,11354869140.4,30876610.0,2021-11-03,2021-11-03 23:59:59
366.99,360.21,367.56,358.5,14225056249.1,39229740.0,2021-11-05,2021-11-05 23:59:59
362.57,358.39,363.97,355.6,14278009375.4,39736440.0,2021-11-08,2021-11-08 23:59:59
358.41,357.44,364.58,355.6,15004411479.7,41718590.0,2021-11-09,2021-11-09 23:59:59
356.7,348.65,358.8,348.0,16457699088.7,46558110.0,2021-11-10,2021-11-10 23:59:59
350.11,356.24,357.89,347.22,15179150045.5,42915840.0,2021-11-11,2021-11-11 23:59:59
356.24,347.59,356.37,339.68,34892222884.6,100682800.0,2021-11-12,2021-11-12 23:59:59
349.24,344.39,352.8,342.76,20797457060.0,59973490.0,2021-11-15,2021-11-15 23:59:59
345.99,337.91,346.47,336.01,21039571887.2,61972880.0,2021-11-16,2021-11-16 23:59:59
338.49,339.89,343.57,336.6,16942009572.1,49773710.0,2021-11-17,2021-11-17 23:59:59
338.97,336.93,343.12,333.5,15961631248.7,47124100.0,2021-11-18,2021-11-18 23:59:59
339.37,327.56,339.99,325.7,22189185221.3,67114710.0,2021-11-19,2021-11-19 23:59:59
326.05,309.15,326.39,306.67,45563102260.6,144394030.0,2021-11-22,2021-11-22 23:59:59
306.28,326.84,327.01,300.1,45736605718.3,144887010.0,2021-11-23,2021-11-23 23:59:59
328.0,321.22,329.97,317.35,25081449461.2,77919580.0,2021-11-24,2021-11-24 23:59:59
322.35,317.29,322.96,316.11,14063418089.7,44075230.0,2021-11-25,2021-11-25 23:59:59
307.14,304.42,312.0,303.22,27859460736.9,90702260.0,2021-11-26,2021-11-26 23:59:59
311.11,316.57,322.15,309.42,26132483041.5,82626540.0,2021-11-29,2021-11-29 23:59:59
311.0,315.0,318.58,310.09,31025495218.6,98214880.0,2021-11-30,2021-11-30 23:59:59
321.3,324.4,329.44,319.51,22750927797.6,69948230.0,2021-12-01,2021-12-01 23:59:59
325.4,326.8,329.0,320.54,19963662877.3,61450200.0,2021-12-02,2021-12-02 23:59:59
327.6,320.66,328.95,318.4,13947718236.0,43107850.0,2021-12-03,2021-12-03 23:59:59
322.0,307.5,324.16,304.18,30901866910.3,99688200.0,2021-12-06,2021-12-06 23:59:59
307.14,309.79,313.03,300.5,47159021183.1,154172870.0,2021-12-07,2021-12-07 23:59:59
310.99,296.95,316.88,291.57,72512692906.7,241043180.0,2021-12-08,2021-12-08 23:59:59
297.49,300.4,304.94,292.5,40274844717.3,133933650.0,2021-12-09,2021-12-09 23:59:59
300.5,297.44,304.28,294.43,24474375346.8,82046160.0,2021-12-10,2021-12-10 23:59:59
298.23,280.64,300.99,280.08,42131944975.3,146312930.0,2021-12-13,2021-12-13 23:59:59
280.2,284.9,286.09,261.5,49218627449.7,176483200.0,2021-12-14,2021-12-14 23:59:59
284.9,286.65,287.79,279.44,24828431135.5,87523240.0,2021-12-15,2021-12-15 23:59:59
287.7,295.89,298.7,286.2,39668733059.0,134813120.0,2021-12-16,2021-12-16 23:59:59
295.0,294.9,296.73,291.61,32344386589.0,109770570.0,2021-12-17,2021-12-17 23:59:59
293.11,288.4,293.11,285.63,22970334237.0,79679000.0,2021-12-20,2021-12-20 23:59:59
289.8,291.7,293.4,286.76,18815016922.5,64934720.0,2021-12-21,2021-12-21 23:59:59
291.8,294.0,297.23,289.23,18764947636.7,63860480.0,2021-12-22,2021-12-22 23:59:59
294.68,292.8,298.1,291.26,16328921885.0,55534990.0,2021-12-23,2021-12-23 23:59:59
292.92,293.89,294.18,289.0,11004253897.8,37671250.0,2021-12-24,2021-12-24 23:59:59
294.76,295.68,296.0,293.37,10535286767.5,35734540.0,2021-12-27,2021-12-27 23:59:59
295.84,295.0,297.55,294.18,11199396831.3,37859030.0,2021-12-28,2021-12-28 23:59:59
295.05,293.51,295.55,291.33,11041565007.2,37673290.0,2021-12-29,2021-12-29 23:59:59
293.6,293.49,294.89,291.52,12484601229.1,42567960.0,2021-12-30,2021-12-30 23:59:59
295.9,305.47,305.5,294.34,15116470365.3,50183170.0,2022-01-03,2022-01-03 23:59:59
305.51,304.24,310.1,301.63,16277165930.5,53270410.0,2022-01-04,2022-01-04 23:59:59
303.72,287.01,304.26,287.0,20740935491.0,70017630.0,2022-01-05,2022-01-05 23:59:59
286.6,293.92,295.1,281.0,23128604540.0,79380930.0,2022-01-06,2022-01-06 23:59:59
295.52,291.69,298.88,288.68,19757691963.7,67426550.0,2022-01-10,2022-01-10 23:59:59
293.4,291.88,293.94,288.71,17141880062.9,58921530.0,2022-01-11,2022-01-11 23:59:59
292.82,290.4,292.92,285.05,23674409517.2,81822450.0,2022-01-12,2022-01-12 23:59:59
289.56,272.5,290.37,269.9,58998956306.5,211556190.0,2022-01-13,2022-01-13 23:59:59
272.39,261.0,277.98,249.2,105840690373.5,406253690.0,2022-01-14,2022-01-14 23:59:59
262.15,257.78,264.01,247.0,63249791802.6,248689250.0,2022-01-17,2022-01-17 23:59:59
258.8,234.7,259.39,228.09,115765833652.0,484056480.0,2022-01-18,2022-01-18 23:59:59
232.9,244.86,249.0,221.03,86623311717.5,360958990.0,2022-01-19,2022-01-19 23:59:59
244.17,254.61,263.0,240.01,82793764163.4,329113650.0,2022-01-20,2022-01-20 23:59:59
252.99,246.9,259.08,246.0,74378247142.4,295690670.0,2022-01-21,2022-01-21 23:59:59
246.51,236.97,249.88,226.0,76615666498.0,325829650.0,2022-01-24,2022-01-24 23:59:59
237.0,239.59,243.55,231.0,55146749879.2,232596970.0,2022-01-25,2022-01-25 23:59:59
240.5,236.9,245.17,233.3,53688065880.5,224840650.0,2022-01-26,2022-01-26 23:59:59
235.0,254.29,260.0,233.1,75092074862.5,301306340.0,2022-01-27,2022-01-27 23:59:59
255.87,257.82,262.0,252.02,52531847944.2,204180270.0,2022-01-28,2022-01-28 23:59:59
258.98,269.42,269.6,258.81,41439465846.6,156175080.0,2022-01-31,2022-01-31 23:59:59
269.72,264.7,273.1,260.56,45265999275.4,170396140.0,2022-02-01,2022-02-01 23:59:59
265.88,261.0,266.91,254.52,44266555958.2,170215080.0,2022-02-02,2022-02-02 23:59:59
258.45,250.79,259.87,250.06,38264109218.8,151173100.0,2022-02-03,2022-02-03 23:59:59
251.99,256.53,259.74,251.91,32465015937.6,127035170.0,2022-02-04,2022-02-04 23:59:59
256.99,257.61,260.53,253.52,21984857622.9,85586640.0,2022-02-07,2022-02-07 23:59:59
257.6,269.8,269.9,256.52,42797055854.6,161506220.0,2022-02-08,2022-02-08 23:59:59
270.01,279.09,279.71,270.0,53580134334.3,193575010.0,2022-02-09,2022-02-09 23:59:59
279.2,275.2,282.3,273.67,49971152910.0,180148360.0,2022-02-10,2022-02-10 23:59:59
274.9,260.83,275.87,259.61,57202046478.0,213954390.0,2022-02-11,2022-02-11 23:59:59
256.69,256.7,259.5,245.1,90439846224.3,357654570.0,2022-02-14,2022-02-14 23:59:59
257.89,274.0,274.0,257.51,72536855943.8,271518670.0,2022-02-15,2022-02-15 23:59:59
276.88,277.78,281.0,274.15,54327320546.5,195822410.0,2022-02-16,2022-02-16 23:59:59
277.0,260.58,277.0,259.36,69639981675.4,262088700.0,2022-02-17,2022-02-17 23:59:59
262.13,250.28,267.0,245.0,69033777422.6,270594740.0,2022-02-18,2022-02-18 23:59:59
249.15,201.0,258.32,184.3,238583656296.9,1084508440.0,2022-02-21,2022-02-21 23:59:59
198.72,208.53,219.9,182.03,188663299795.8,946020570.0,2022-02-22,2022-02-22 23:59:59
187.54,132.18,187.54,89.59,98281399197.4,829355880.0,2022-02-24,2022-02-24 23:59:59
123.75,131.12,152.89,115.11,51769813725.2,396287150.0,2022-02-25,2022-02-25 23:59:59
131.0,136.24,156.2,130.15,22692069361.4,159464350.0,2022-03-24,2022-03-24 23:59:59
137.0,131.5,147.0,128.2,7725368187.0,57662950.0,2022-03-25,2022-03-25 23:59:59
130.6,125.0,131.47,125.0,4203874797.0,33212430.0,2022-03-28,2022-03-28 23:59:59
126.16,128.77,137.57,122.0,9470337365.6,72338740.0,2022-03-29,2022-03-29 23:59:59
136.89,134.6,138.4,131.11,4754053635.4,35675450.0,2022-03-30,2022-03-30 23:59:59
135.25,143.69,147.41,134.52,16669448877.5,118425000.0,2022-03-31,2022-03-31 23:59:59
145.0,154.5,155.4,144.51,18022334419.5,118880720.0,2022-04-01,2022-04-01 23:59:59
158.76,166.0,166.88,150.2,18622917617.7,115938910.0,2022-04-04,2022-04-04 23:59:59
169.83,154.1,169.9,147.76,20715568335.3,130342790.0,2022-04-05,2022-04-05 23:59:59
143.51,141.6,153.3,140.65,16064065136.0,109040410.0,2022-04-06,2022-04-06 23:59:59
143.1,147.5,149.9,142.5,8603867601.8,58839040.0,2022-04-07,2022-04-07 23:59:59
149.05,143.72,151.0,141.06,7042432416.5,48450590.0,2022-04-08,2022-04-08 23:59:59
144.09,138.69,146.98,138.5,6769147874.0,47575830.0,2022-04-11,2022-04-11 23:59:59
138.84,135.38,140.1,130.35,10068815929.1,75388800.0,2022-04-12,2022-04-12 23:59:59
136.78,135.5,138.14,132.72,5281816161.7,39087840.0,2022-04-13,2022-04-13 23:59:59
135.85,129.05,135.89,129.05,5854258707.0,44368360.0,2022-04-14,2022-04-14 23:59:59
128.55,130.88,131.72,125.12,6025059285.1,46772550.0,2022-04-15,2022-04-15 23:59:59
131.41,123.85,132.68,123.7,7419239922.5,58500600.0,2022-04-18,2022-04-18 23:59:59
123.85,120.3,123.85,115.36,9552876654.9,79905700.0,2022-04-19,2022-04-19 23:59:59
121.0,121.5,125.44,117.51,8136201185.3,66603200.0,2022-04-20,2022-04-20 23:59:59
121.97,118.65,123.05,117.85,4864876092.900003,40648560.0,2022-04-21,2022-04-21 23:59:59
118.65,116.97,122.32,115.55,6798689067.5,57466590.0,2022-04-22,2022-04-22 23:59:59
116.0,111.9,116.4,111.5,5179109798.5,45811390.0,2022-04-25,2022-04-25 23:59:59
112.58,122.36,124.92,111.9,9832906106.8,83540530.0,2022-04-26,2022-04-26 23:59:59
123.0,131.11,131.73,120.6,14832382819.5,115500050.0,2022-04-27,2022-04-27 23:59:59
132.14,123.85,134.5,123.05,16007384988.2,123541890.0,2022-04-28,2022-04-28 23:59:59
123.67,128.8,130.0,122.8,11075903085.1,87366110.0,2022-04-29,2022-04-29 23:59:59
129.1,123.2,131.5,122.5,8444076353.1,67289000.0,2022-05-04,2022-05-04 23:59:59
124.21,124.8,125.54,122.75,5266724459.4,42383000.0,2022-05-05,2022-05-05 23:59:59
124.74,123.1,124.99,121.52,3758705967.7,30602500.0,2022-05-06,2022-05-06 23:59:59
123.0,123.34,126.05,121.86,4074118445.5,32870440.0,2022-05-11,2022-05-11 23:59:59
123.1,119.15,123.74,118.05,3736761907.6,30846460.0,2022-05-12,2022-05-12 23:59:59
120.45,120.2,121.59,118.2,2743261781.4,22838020.0,2022-05-13,2022-05-13 23:59:59
120.9,123.41,123.5,119.5,4270982372.6,34940660.0,2022-05-16,2022-05-16 23:59:59
124.0,127.75,127.78,123.65,5288189358.3,41963590.0,2022-05-17,2022-05-17 23:59:59
128.2,125.12,131.3,125.0,7149065642.2,55565940.0,2022-05-18,2022-05-18 23:59:59
125.31,125.6,126.86,123.21,4282808065.600004,34246550.0,2022-05-19,2022-05-19 23:59:57
126.06,122.2,127.0,121.05,4854130253.9,39288280.0,2022-05-20,2022-05-20 23:59:59
121.5,119.46,122.5,118.9,4587986948.8,37976200.0,2022-05-23,2022-05-23 23:59:59
119.45,123.6,125.0,117.1,5467479952.3,45164830.0,2022-05-24,2022-05-24 23:59:59
124.11,124.15,125.5,120.5,6588459652.6,53511900.0,2022-05-25,2022-05-25 23:59:59
124.8,123.0,125.99,122.0,6438132740.8,51985140.0,2022-05-26,2022-05-26 23:59:59
123.0,121.22,123.5,120.9,3981861287.2,32685350.0,2022-05-27,2022-05-27 23:59:59
121.6,120.67,123.0,120.21,3035846751.9,24957710.0,2022-05-30,2022-05-30 23:59:59
120.0,118.3,120.0,117.62,3557831216.3,29983170.0,2022-05-31,2022-05-31 23:59:59
117.5,121.97,122.69,117.0,5296798375.3,43785040.0,2022-06-01,2022-06-01 23:59:59
121.9,119.0,122.39,118.5,5125256938.4,42769900.0,2022-06-02,2022-06-02 23:59:59
119.29,119.21,120.16,117.18,4067212982.5,34341530.0,2022-06-03,2022-06-03 23:59:59
119.26,118.78,120.35,118.29,2652231034.2,22281970.0,2022-06-06,2022-06-06 23:59:59
118.68,118.32,118.9,117.32,2629117760.2,22274020.0,2022-06-07,2022-06-07 23:59:59
118.51,119.9,122.19,118.4,5003858591.9,41514970.0,2022-06-08,2022-06-08 23:59:59
120.0,118.2,120.2,117.7,3477327986.1,29371970.0,2022-06-09,2022-06-09 23:59:59
118.03,118.07,119.55,117.73,3006397517.2,25373000.0,2022-06-10,2022-06-10 23:59:59
118.03,118.98,119.88,115.8,4454820677.7,37690460.0,2022-06-14,2022-06-14 23:59:59
119.4,121.14,121.71,118.71,6293254524.8,52262500.0,2022-06-15,2022-06-15 23:59:59
121.5,123.73,123.73,120.41,5865468454.0,47921410.0,2022-06-16,2022-06-16 23:59:59
123.97,123.88,125.18,123.11,4542499796.0,36608520.0,2022-06-17,2022-06-17 23:59:59
124.1,131.29,131.5,123.6,8358193641.7,65683460.0,2022-06-20,2022-06-20 23:59:59
131.98,129.1,133.49,127.11,9779358224.0,75565750.0,2022-06-21,2022-06-21 23:59:59
127.88,133.11,133.21,126.03,8798787966.1,67799070.0,2022-06-22,2022-06-22 23:59:59
133.9,136.85,138.4,131.5,14709729514.2,108118920.0,2022-06-23,2022-06-23 23:59:59
137.16,137.76,138.3,135.21,6186219567.5,45254820.0,2022-06-24,2022-06-24 23:59:59
137.7,141.15,141.77,136.77,9812403018.2,69963540.0,2022-06-27,2022-06-27 23:59:59
141.75,139.99,142.35,138.5,7675925017.5,54863240.0,2022-06-28,2022-06-28 23:59:59
139.8,132.8,139.89,132.75,7517497903.800001,55164310.0,2022-06-29,2022-06-29 23:59:57
132.5,125.2,135.44,123.55,11774451572.6,91499020.0,2022-06-30,2022-06-30 23:59:59
124.13,129.91,132.0,122.5,7809271635.9,60628570.0,2022-07-01,2022-07-01 23:59:59
129.0,131.43,132.8,127.16,6244209442.1,48006990.0,2022-07-04,2022-07-04 23:59:59
132.0,133.5,135.7,131.43,6901128618.2,51662270.0,2022-07-05,2022-07-05 23:59:59
133.5,134.0,137.1,132.5,6371451571.2,47075440.0,2022-07-06,2022-07-06 23:59:59
134.0,133.09,135.2,131.22,5736860567.7,43059280.0,2022-07-07,2022-07-07 23:59:59
133.15,133.3,133.98,130.9,3656551234.1,27635050.0,2022-07-08,2022-07-08 23:59:59
132.8,126.8,133.9,126.42,6951759089.7,53725410.0,2022-07-11,2022-07-11 23:59:59
126.5,129.0,129.35,124.2,7276446907.2,57254290.0,2022-07-12,2022-07-12 23:59:59
129.8,126.0,129.95,125.36,5838157717.2,45932640.0,2022-07-13,2022-07-13 23:59:59
125.97,125.9,128.0,124.61,5273758237.4,41704620.0,2022-07-14,2022-07-14 23:59:59
126.06,128.9,129.44,125.27,5725166716.2,44954140.0,2022-07-15,2022-07-15 23:59:59
130.0,128.11,130.64,127.25,4560441171.4,35478100.0,2022-07-18,2022-07-18 23:59:59
128.0,127.76,128.11,125.51,4101676311.8,32381170.0,2022-07-19,2022-07-19 23:59:59
128.12,126.44,129.2,126.16,4450301742.2,34762350.0,2022-07-20,2022-07-20 23:59:59
126.44,125.48,126.83,122.24,6674132987.5,53633030.0,2022-07-21,2022-07-21 23:59:59
125.5,128.82,129.1,125.03,5934551084.8,46478250.0,2022-07-22,2022-07-22 23:59:59
128.9,131.45,132.0,127.24,7278558481.8,55990880.0,2022-07-25,2022-07-25 23:59:59
132.02,132.9,133.9,131.0,6674121413.4,50351100.0,2022-07-26,2022-07-26 23:59:59
132.9,132.5,134.79,131.62,5666320132.8,42526820.0,2022-07-27,2022-07-27 23:59:59
133.01,131.72,133.49,130.1,5270874128.5,40102900.0,2022-07-28,2022-07-28 23:59:59
131.65,131.9,132.75,130.31,3657277546.3,27788260.0,2022-07-29,2022-07-29 23:59:59
131.77,127.34,131.77,127.34,5733440411.9,44322900.0,2022-08-01,2022-08-01 23:59:58
126.6,127.53,128.44,125.6,5597372358.7,44006150.0,2022-08-02,2022-08-02 23:59:59
128.05,126.85,129.15,126.27,3954448973.2,30948110.0,2022-08-03,2022-08-03 23:59:59
126.94,126.95,128.13,126.16,2486974528.6,19560540.0,2022-08-04,2022-08-04 23:59:59
127.5,122.4,127.58,122.24,7580630330.2,61176570.0,2022-08-05,2022-08-05 23:59:59
126.11,123.81,127.38,123.51,6717450630.0,53664860.0,2022-08-08,2022-08-08 23:59:59
123.9,126.4,126.5,122.3,4714973255.6,37919970.0,2022-08-09,2022-08-09 23:59:59
126.25,126.2,127.29,124.87,4026159269.7,31939910.0,2022-08-10,2022-08-10 23:59:59
126.97,123.45,126.97,123.07,3873147168.4,30949210.0,2022-08-11,2022-08-11 23:59:59
123.46,124.88,124.98,122.6,3377655734.9,27223160.0,2022-08-12,2022-08-12 23:59:59
124.56,125.0,125.7,123.28,3150239987.1,25355480.0,2022-08-15,2022-08-15 23:59:59
125.2,126.39,126.86,124.53,3439359278.0,27290920.0,2022-08-16,2022-08-16 23:59:59
126.58,124.5,127.44,124.5,4134398010.8,32888950.0,2022-08-17,2022-08-17 23:59:59
124.39,126.3,126.5,123.92,3189014037.0,25415410.0,2022-08-18,2022-08-18 23:59:59
126.3,125.2,126.36,124.72,2339575284.4,18676990.0,2022-08-19,2022-08-19 23:59:59
125.0,126.06,126.69,124.7,3083949126.3,24510110.0,2022-08-22,2022-08-22 23:59:59
126.06,130.38,130.49,126.01,8448692324.8,65419130.0,2022-08-23,2022-08-23 23:59:59
130.6,128.15,131.64,127.85,5940974237.7,45833690.0,2022-08-24,2022-08-24 23:59:59
128.15,128.18,129.81,127.1,4630467612.5,36067720.0,2022-08-25,2022-08-25 23:59:59
128.02,130.4,130.5,127.62,4251007186.7,32879870.0,2022-08-26,2022-08-26 23:59:59
130.12,131.17,131.4,129.52,5342794309.5,40911490.0,2022-08-29,2022-08-29 23:59:59
131.17,130.05,132.6,129.65,6706724051.1,51084490.0,2022-08-30,2022-08-30 23:59:59
132.3,134.25,138.34,131.5,14439588088.8,107450510.0,2022-08-31,2022-08-31 23:59:59
133.99,138.2,138.22,132.02,7406741299.8,54942470.0,2022-09-01,2022-09-01 23:59:59
138.8,143.8,144.9,136.22,19355155393.0,136891810.0,2022-09-02,2022-09-02 23:59:59
143.5,141.0,145.1,139.11,12371122690.1,87603050.0,2022-09-05,2022-09-05 23:59:59
140.9,137.23,141.07,135.22,11990944909.2,86674520.0,2022-09-06,2022-09-06 23:59:59
136.96,136.86,139.19,135.41,8339250748.2,60753730.0,2022-09-07,2022-09-07 23:59:59
136.69,134.51,137.4,134.0,7829982200.8,57744420.0,2022-09-08,2022-09-08 23:59:59
134.41,138.15,138.47,134.23,6696870325.8,49115280.0,2022-09-09,2022-09-09 23:59:59
137.07,138.7,140.37,136.8,7304865311.8,52610620.0,2022-09-12,2022-09-12 23:59:59
138.7,137.0,139.37,136.15,6135930533.9,44582700.0,2022-09-13,2022-09-13 23:59:59
136.6,138.9,139.29,135.2,8599239020.7,62838520.0,2022-09-14,2022-09-14 23:59:59
139.15,139.48,140.28,137.61,7819974773.2,56243810.0,2022-09-15,2022-09-15 23:59:59
139.37,137.73,141.39,136.8,9983110793.7,71799280.0,2022-09-16,2022-09-16 23:59:59
137.4,138.04,139.08,137.07,4590344282.8,33272190.0,2022-09-19,2022-09-19 23:59:59
137.87,125.1,138.35,122.42,27120994882.9,208947780.0,2022-09-20,2022-09-20 23:59:59
112.5,120.23,123.98,109.27,16327145213.9,136625430.0,2022-09-21,2022-09-21 23:59:59
120.25,124.31,126.95,120.25,14562188054.0,117479960.0,2022-09-22,2022-09-22 23:59:59
124.49,119.39,124.5,117.35,10311649883.2,85906070.0,2022-09-23,2022-09-23 23:59:59
114.0,107.06,117.99,105.0,16617787749.1,148638170.0,2022-09-26,2022-09-26 23:59:59
110.0,112.92,113.89,107.07,10025188385.2,90981060.0,2022-09-27,2022-09-27 23:59:59
112.0,111.06,115.2,109.13,8720766869.9,77969660.0,2022-09-28,2022-09-28 23:59:59
111.59,110.41,112.2,107.68,7411211658.2,67487760.0,2022-09-29,2022-09-29 23:59:59
111.0,110.21,113.4,103.4,14569420124.9,133569040.0,2022-09-30,2022-09-30 23:59:59
110.62,114.35,114.65,109.0,8280923624.7,73960960.0,2022-10-03,2022-10-03 23:59:59
115.06,110.55,115.5,110.3,9371218814.4,83564680.0,2022-10-04,2022-10-04 23:59:59
110.49,108.51,110.49,106.25,9776634296.1,90416920.0,2022-10-05,2022-10-05 23:59:59
108.65,108.24,110.38,107.57,5630301035.4,51741480.0,2022-10-06,2022-10-06 23:59:59
107.7,101.5,108.48,101.3,9560941533.5,90989490.0,2022-10-07,2022-10-07 23:59:59
96.55,106.71,106.77,96.5,12100541809.1,117465350.0,2022-10-10,2022-10-10 23:59:59
106.5,107.72,108.3,104.26,8212972233.2,76962080.0,2022-10-11,2022-10-11 23:59:59
108.27,105.9,108.5,105.25,6748220830.6,63378400.0,2022-10-12,2022-10-12 23:59:59
105.72,106.5,107.3,104.8,4973132486.8,46849810.0,2022-10-13,2022-10-13 23:59:59
106.92,107.78,109.19,105.69,5631814421.3,52565400.0,2022-10-14,2022-10-14 23:59:59
107.93,112.44,112.76,107.65,8680124454.5,78496550.0,2022-10-17,2022-10-17 23:59:59
113.05,110.88,114.37,110.48,11468880403.2,101854810.0,2022-10-18,2022-10-18 23:59:59
110.12,112.39,112.93,109.3,10047779304.8,90693010.0,2022-10-19,2022-10-19 23:59:59
112.75,116.98,117.2,112.37,11611619802.2,100723600.0,2022-10-20,2022-10-20 23:59:59
116.93,119.45,119.94,114.37,11996337348.7,102382050.0,2022-10-21,2022-10-21 23:59:59
120.15,118.8,121.68,117.65,8899628781.0,74539310.0,2022-10-24,2022-10-24 23:59:59
118.84,124.36,125.2,118.3,13988406291.3,114156750.0,2022-10-25,2022-10-25 23:59:59
124.7,124.43,126.88,122.1,13490587416.3,108495360.0,2022-10-26,2022-10-26 23:59:59
124.75,126.61,127.5,123.68,11099070231.0,87915140.0,2022-10-27,2022-10-27 23:59:59
126.14,126.97,127.25,124.6,9289876913.2,73660000.0,2022-10-28,2022-10-28 23:59:59
127.2,126.72,128.6,125.41,7705148783.6,60762870.0,2022-10-31,2022-10-31 23:59:59
127.2,127.05,127.97,126.12,4678424679.9,36820880.0,2022-11-01,2022-11-01 23:59:59
127.06,125.49,127.74,123.75,5091797153.1,40216620.0,2022-11-02,2022-11-02 23:59:59
125.4,125.75,126.1,123.91,5968383629.5,47720130.0,2022-11-03,2022-11-03 23:59:59
127.09,132.0,132.0,126.5,11884172361.2,91709630.0,2022-11-07,2022-11-07 23:59:59
132.0,131.29,133.11,130.1,9132676225.5,69556040.0,2022-11-08,2022-11-08 23:59:59
131.06,127.3,131.47,126.42,8392114411.7,64961510.0,2022-11-09,2022-11-09 23:59:59
131.0,136.68,136.69,129.77,22986670666.3,171748310.0,2022-11-10,2022-11-10 23:59:59
137.9,136.98,138.42,135.13,10343394282.0,75710240.0,2022-11-11,2022-11-11 23:59:59
137.5,139.8,140.7,135.83,11457421132.4,82521030.0,2022-11-14,2022-11-14 23:59:59
140.49,135.66,141.0,130.86,19905669470.0,145543250.0,2022-11-15,2022-11-15 23:59:59
136.99,139.18,139.73,136.32,9275650502.9,67090170.0,2022-11-16,2022-11-16 23:59:59
139.09,137.57,140.35,136.6,8183196558.2,59160240.0,2022-11-17,2022-11-17 23:59:59
137.08,136.89,137.81,135.84,6017150012.2,44076540.0,2022-11-18,2022-11-18 23:59:59
136.01,134.46,136.3,132.51,11204179692.7,83599930.0,2022-11-21,2022-11-21 23:59:59
134.55,135.65,136.0,133.81,6185848298.4,45822990.0,2022-11-22,2022-11-22 23:59:59
135.7,136.59,137.55,134.5,7131237802.3,52302020.0,2022-11-23,2022-11-23 23:59:59
137.0,136.61,138.41,136.12,5825797012.7,42388720.0,2022-11-24,2022-11-24 23:59:59
137.2,136.53,137.24,135.41,4032240523.4,29618830.0,2022-11-25,2022-11-25 23:59:59
135.02,135.53,136.2,134.1,6119857086.1,45275110.0,2022-11-28,2022-11-28 23:59:59
136.29,136.37,137.2,135.88,4322432923.7,31648090.0,2022-11-29,2022-11-29 23:59:59
136.5,136.78,136.78,135.23,3645274279.8,26816190.0,2022-11-30,2022-11-30 23:59:59
137.1,137.15,137.95,136.31,4528220086.5,33056500.0,2022-12-01,2022-12-01 23:59:59
136.99,136.66,137.1,136.17,2631801491.3,19261670.0,2022-12-02,2022-12-02 23:59:59
136.66,142.0,142.68,136.25,14626342206.0,103930500.0,2022-12-05,2022-12-05 23:59:59
142.2,140.61,143.37,139.11,7320200569.4,51823300.0,2022-12-06,2022-12-06 23:59:59
140.5,142.32,142.81,138.36,9820959841.6,69885670.0,2022-12-07,2022-12-07 23:59:59
143.5,139.92,143.6,139.8,9051030863.8,64056510.0,2022-12-08,2022-12-08 23:59:59
139.7,140.03,140.7,139.24,4121787838.9,29441490.0,2022-12-09,2022-12-09 23:59:59
140.19,139.48,140.87,138.7,4674567348.3,33477470.0,2022-12-12,2022-12-12 23:59:59
139.67,138.13,139.93,136.67,7204347001.0,52200510.0,2022-12-13,2022-12-13 23:59:59
138.28,137.3,138.28,136.6,4682726701.5,34074890.0,2022-12-14,2022-12-14 23:59:59
136.99,134.55,137.08,134.3,7425601043.9,54791650.0,2022-12-15,2022-12-15 23:59:59
134.5,135.45,136.09,134.13,4438893679.0,32802120.0,2022-12-16,2022-12-16 23:59:59
135.13,134.64,136.73,132.86,7922461200.5,58826130.0,2022-12-19,2022-12-19 23:59:59
134.51,138.28,138.4,134.41,6164921383.7,45017120.0,2022-12-20,2022-12-20 23:59:59
138.7,137.75,139.12,135.81,6272681336.7,45542340.0,2022-12-21,2022-12-21 23:59:59
137.99,137.69,138.97,137.0,4219452712.4,30562140.0,2022-12-22,2022-12-22 23:59:59
137.49,137.94,138.26,136.81,3151110861.8,22908110.0,2022-12-23,2022-12-23 23:59:59
138.33,140.95,141.0,138.0,6912819148.3,49379370.0,2022-12-26,2022-12-26 23:59:59
141.31,139.9,142.0,139.6,5856965521.6,41654530.0,2022-12-27,2022-12-27 23:59:59
139.73,139.51,140.4,138.6,3911970512.0,28045010.0,2022-12-28,2022-12-28 23:59:59
139.5,140.96,141.65,139.22,4513089042.4,32059860.0,2022-12-29,2022-12-29 23:59:59
140.8,141.15,141.48,140.13,3968971100.4,28175080.0,2022-12-30,2022-12-30 23:59:59
141.6,141.78,143.25,141.56,3000247965.4,21098550.0,2023-01-03,2023-01-03 23:59:59
141.85,141.43,142.28,140.75,2419428972.3,17112740.0,2023-01-04,2023-01-04 23:59:59
141.6,141.27,141.84,140.54,2435171391.9,17245300.0,2023-01-05,2023-01-05 23:59:59
141.39,141.4,141.62,140.9,1504730792.2,10657600.0,2023-01-06,2023-01-06 23:59:59
141.83,142.4,142.99,141.65,4480148303.4,31449160.0,2023-01-09,2023-01-09 23:59:59
142.1,142.81,142.85,141.31,3368938055.0,23718180.0,2023-01-10,2023-01-10 23:59:59
142.97,149.96,149.98,142.87,18097145617.6,123147040.0,2023-01-11,2023-01-11 23:59:59
150.02,149.3,150.79,148.39,6982668294.2,46789300.0,2023-01-12,2023-01-12 23:59:59
149.58,151.69,153.28,147.71,13374657598.8,88520210.0,2023-01-13,2023-01-13 23:59:59
152.89,153.71,154.0,151.88,7920014161.8,51753920.0,2023-01-16,2023-01-16 23:59:59
154.0,150.45,154.31,150.01,12790444010.5,84404770.0,2023-01-17,2023-01-17 23:59:59
150.4,151.47,153.0,149.41,10235015056.8,67511970.0,2023-01-18,2023-01-18 23:59:59
151.2,149.34,152.85,148.56,10027708961.8,66813960.0,2023-01-19,2023-01-19 23:59:59
149.7,151.38,151.4,148.64,6633881321.1,44254820.0,2023-01-20,2023-01-20 23:59:59
151.9,153.5,154.1,151.01,8453400896.7,55198870.0,2023-01-23,2023-01-23 23:59:59
153.95,152.66,155.58,152.28,12126204920.9,78734130.0,2023-01-24,2023-01-24 23:59:59
152.45,152.81,153.6,151.5,6613609683.1,43376700.0,2023-01-25,2023-01-25 23:59:59
153.32,152.4,154.3,151.73,6966980467.7,45513320.0,2023-01-26,2023-01-26 23:59:59
152.4,153.2,153.48,151.69,5213964676.6,34123690.0,2023-01-27,2023-01-27 23:59:59
153.5,153.38,153.88,152.21,4760702156.6,31105220.0,2023-01-30,2023-01-30 23:59:59
153.51,158.07,158.18,153.3,12127748512.5,77890320.0,2023-01-31,2023-01-31 23:59:59
158.2,158.29,159.6,156.5,10480709146.9,66332200.0,2023-02-01,2023-02-01 23:59:59
158.4,159.45,160.29,157.37,8572049477.0,53866380.0,2023-02-02,2023-02-02 23:59:59
159.1,161.26,162.32,157.88,10193999216.9,63735330.0,2023-02-03,2023-02-03 23:59:59
161.78,167.09,167.17,161.01,14666403495.3,89083530.0,2023-02-06,2023-02-06 23:59:59
167.3,165.39,168.7,163.4,15345906260.6,92661570.0,2023-02-07,2023-02-07 23:59:59
165.0,164.15,166.35,162.7,9652989000.6,58669030.0,2023-02-08,2023-02-08 23:59:59
164.33,165.31,167.47,161.27,17608882957.8,107139220.0,2023-02-09,2023-02-09 23:59:59
165.0,165.52,166.49,164.5,6774229866.8,40924680.0,2023-02-10,2023-02-10 23:59:59
165.2,164.32,166.88,164.17,5995183185.7,36212200.0,2023-02-13,2023-02-13 23:59:59
164.3,161.86,164.38,161.64,9574244266.6,58832960.0,2023-02-14,2023-02-14 23:59:59
160.94,156.25,161.12,153.83,17992861042.9,113804160.0,2023-02-15,2023-02-15 23:59:59
157.33,158.22,159.3,156.25,10824261902.6,68549280.0,2023-02-16,2023-02-16 23:59:59
158.0,159.73,160.38,156.91,8295150283.0,52179940.0,2023-02-17,2023-02-17 23:59:59
159.41,160.09,161.3,156.73,10151613700.1,63971610.0,2023-02-20,2023-02-20 23:59:59
160.66,164.15,165.65,159.26,20810057510.7,127422480.0,2023-02-21,2023-02-21 23:59:59
164.13,163.37,164.42,162.5,7150966488.1,43772430.0,2023-02-22,2023-02-22 23:59:59
163.33,164.3,165.5,163.1,6199625787.6,37727230.0,2023-02-24,2023-02-24 23:59:59
163.52,169.95,170.0,162.96,16780738615.2,100133280.0,2023-02-27,2023-02-27 23:59:59
170.5,169.82,171.92,168.37,13727277947.9,80748140.0,2023-02-28,2023-02-28 23:59:59
170.4,170.53,171.66,169.5,9167860118.1,53784730.0,2023-03-01,2023-03-01 23:59:59
170.4,168.05,170.4,166.55,14517746431.3,86095640.0,2023-03-02,2023-03-02 23:59:59
168.17,171.16,171.26,167.9,8415476818.0,49566770.0,2023-03-03,2023-03-03 23:59:59
172.14,171.84,172.99,171.35,11111583412.4,64585290.0,2023-03-06,2023-03-06 23:59:59
171.87,174.01,174.2,171.0,9555925415.8,55287380.0,2023-03-07,2023-03-07 23:59:59
174.85,172.55,174.89,172.21,13943157257.4,80393110.0,2023-03-09,2023-03-09 23:59:59
171.55,172.53,173.0,170.58,8636905460.0,50256970.0,2023-03-10,2023-03-10 23:59:59
172.5,172.15,173.9,169.26,12709525433.5,74032280.0,2023-03-13,2023-03-13 23:59:59
171.61,175.71,176.95,171.01,15601317280.3,89325670.0,2023-03-14,2023-03-14 23:59:59
176.0,175.3,177.37,173.59,14010359713.1,79930290.0,2023-03-15,2023-03-15 23:59:59
174.94,175.45,176.04,173.36,8999771334.6,51534160.0,2023-03-16,2023-03-16 23:59:59
183.0,193.59,193.66,178.56,72487640689.1,388164850.0,2023-03-17,2023-03-17 23:59:59
196.02,203.73,205.09,195.0,31309861829.0,156714250.0,2023-03-20,2023-03-20 23:59:59
204.76,203.32,208.0,201.25,25112540900.7,122583960.0,2023-03-21,2023-03-21 23:59:59
203.4,202.89,204.4,201.59,11679333494.7,57568140.0,2023-03-22,2023-03-22 23:59:59
202.53,202.58,204.2,202.22,5415399866.5,26650230.0,2023-03-23,2023-03-23 23:59:59
202.86,203.57,203.85,202.0,4939230840.9,24325540.0,2023-03-24,2023-03-24 23:59:59
204.01,211.84,213.2,204.01,21191264384.4,101521380.0,2023-03-27,2023-03-27 23:59:59
212.86,214.03,214.7,210.67,15726501741.8,73901050.0,2023-03-28,2023-03-28 23:59:59
214.85,217.99,219.53,213.6,20980171180.8,96682530.0,2023-03-29,2023-03-29 23:59:59
217.3,216.87,218.45,216.12,8884287057.7,40886950.0,2023-03-30,2023-03-30 23:59:59
217.2,216.6,217.35,211.3,18878992953.8,88081360.0,2023-03-31,2023-03-31 23:59:59
218.45,216.09,219.44,214.8,11951820883.8,55175630.0,2023-04-03,2023-04-03 23:59:59
216.2,214.83,217.29,213.8,9882799399.6,45803380.0,2023-04-04,2023-04-04 23:59:59
214.65,216.15,216.3,211.4,9891663991.7,46177490.0,2023-04-05,2023-04-05 23:59:59
216.3,214.25,217.38,214.07,8425126719.9,39061450.0,2023-04-06,2023-04-06 23:59:59
214.5,216.27,216.39,213.65,6286417581.4,29198130.0,2023-04-07,2023-04-07 23:59:59
217.1,222.21,222.26,216.61,18737869518.4,85196000.0,2023-04-10,2023-04-10 23:59:59
222.9,218.6,223.33,217.62,21743759463.1,98538370.0,2023-04-11,2023-04-11 23:59:59
218.6,219.22,219.7,216.67,9773616806.2,44767540.0,2023-04-12,2023-04-12 23:59:59
219.49,219.85,220.89,218.0,7159179734.3,32672160.0,2023-04-13,2023-04-13 23:59:59
220.0,221.87,222.5,218.51,9554306584.3,43316040.0,2023-04-14,2023-04-14 23:59:59
222.98,228.1,228.2,222.91,17756638468.9,78797270.0,2023-04-17,2023-04-17 23:59:59
227.89,232.66,232.76,227.05,22454901978.8,97770120.0,2023-04-18,2023-04-18 23:59:59
232.67,232.95,237.37,231.1,27097765520.1,115713300.0,2023-04-19,2023-04-19 23:59:59
233.32,236.28,236.47,229.84,19879696925.7,85093750.0,2023-04-20,2023-04-20 23:59:59
237.4,235.17,238.85,233.52,27370731655.4,115905760.0,2023-04-21,2023-04-21 23:59:59
235.07,235.1,236.4,234.1,7185358111.2,30536770.0,2023-04-24,2023-04-24 23:59:59
235.13,235.3,235.82,234.21,7565048264.5,32187450.0,2023-04-25,2023-04-25 23:59:59
235.6,235.21,235.95,234.91,5751047264.4,24430320.0,2023-04-26,2023-04-26 23:59:59
235.59,240.38,240.74,235.13,16307607839.2,68311610.0,2023-04-27,2023-04-27 23:59:59
240.9,240.38,241.58,237.66,11892356487.7,49583350.0,2023-04-28,2023-04-28 23:59:59
242.2,242.62,245.0,237.4,20364151649.6,83957810.0,2023-05-02,2023-05-02 23:59:59
242.85,235.77,242.99,234.0,18372320194.5,76827180.0,2023-05-03,2023-05-03 23:59:59
236.89,238.89,239.74,236.05,12637521165.2,53079590.0,2023-05-04,2023-05-04 23:59:59
239.24,237.7,240.66,237.3,14683897982.1,61366140.0,2023-05-05,2023-05-05 23:59:59
238.69,238.27,239.86,237.36,11420605923.6,47865890.0,2023-05-08,2023-05-08 23:59:59
216.5,227.06,227.5,215.7,34751930179.7,156874740.0,2023-05-10,2023-05-10 23:59:59
228.87,229.32,235.38,223.94,45532596380.3,197302410.0,2023-05-11,2023-05-11 23:59:59
231.0,229.29,232.47,226.15,16140281925.4,70528170.0,2023-05-12,2023-05-12 23:59:59
230.51,231.7,231.75,228.52,11295223379.6,49090190.0,2023-05-15,2023-05-15 23:59:59
232.4,230.62,232.86,229.57,8446678565.3,36613690.0,2023-05-16,2023-05-16 23:59:59
229.86,230.55,230.97,228.75,7300922562.3,31770380.0,2023-05-17,2023-05-17 23:59:59
231.7,231.7,234.49,230.72,13063333221.1,56228190.0,2023-05-18,2023-05-18 23:59:59
230.99,231.27,232.3,229.81,7309847108.3,31639980.0,2023-05-19,2023-05-19 23:59:59
232.2,231.0,232.78,230.0,6122461335.3,26487190.0,2023-05-22,2023-05-22 23:59:59
231.25,236.43,237.29,230.21,14730893977.2,63010540.0,2023-05-23,2023-05-23 23:59:59
237.49,246.06,246.13,236.26,20714536176.6,86011970.0,2023-05-24,2023-05-24 23:59:59
246.1,243.76,247.4,242.65,17342598158.4,70882360.0,2023-05-25,2023-05-25 23:59:59
243.45,248.1,249.64,242.81,17064289810.3,69202730.0,2023-05-26,2023-05-26 23:59:59
249.78,251.18,252.59,248.85,17017721478.8,67999610.0,2023-05-29,2023-05-29 23:59:59
248.84,244.65,250.85,243.8,20681901312.6,83533260.0,2023-05-30,2023-05-30 23:59:59
244.0,246.17,247.18,240.27,17794062792.6,72912500.0,2023-05-31,2023-05-31 23:59:59
247.0,241.66,247.0,240.57,12670513593.5,52046910.0,2023-06-01,2023-06-01 23:59:59
242.0,243.95,245.5,240.77,11331232122.6,46542940.0,2023-06-02,2023-06-02 23:59:59
243.51,237.12,244.15,235.1,18897132269.5,78742190.0,2023-06-05,2023-06-05 23:59:59
235.92,240.91,242.1,232.54,23816658058.8,100640180.0,2023-06-06,2023-06-06 23:59:59
241.2,241.25,244.39,238.56,15268682081.7,63130930.0,2023-06-07,2023-06-07 23:59:59
241.3,241.77,242.78,239.55,7222971807.9,29945470.0,2023-06-08,2023-06-08 23:59:59
242.8,240.4,243.0,240.11,6659895379.3,27569100.0,2023-06-09,2023-06-09 23:59:59
241.51,244.33,244.5,240.63,9863948131.0,40551890.0,2023-06-13,2023-06-13 23:59:59
245.7,244.6,247.68,242.8,12822239153.4,52205640.0,2023-06-14,2023-06-14 23:59:59
245.11,245.18,245.94,243.22,9807475223.8,40063590.0,2023-06-15,2023-06-15 23:59:59
245.5,243.87,245.9,243.7,5729888135.6,23441160.0,2023-06-16,2023-06-16 23:59:59
244.47,242.28,244.69,241.32,7239082414.0,29844240.0,2023-06-19,2023-06-19 23:59:59
241.99,241.74,242.22,238.82,8820107717.8,36621960.0,2023-06-20,2023-06-20 23:59:59
241.9,242.2,243.92,240.6,6509866591.4,26830770.0,2023-06-21,2023-06-21 23:59:59
242.15,240.66,242.8,240.13,5590904541.9,23136750.0,2023-06-22,2023-06-22 23:59:59
239.98,235.67,240.99,234.34,14736944961.5,61886110.0,2023-06-23,2023-06-23 23:59:59
239.6,238.4,240.5,233.4,19509065518.1,82016390.0,2023-06-26,2023-06-26 23:59:59
239.02,241.21,242.34,236.8,12350836600.0,51466410.0,2023-06-27,2023-06-27 23:59:59
241.8,239.67,241.8,238.6,6793968901.0,28310570.0,2023-06-28,2023-06-28 23:59:59
239.94,239.99,241.26,239.02,6771141228.4,28192150.0,2023-06-29,2023-06-29 23:59:59
240.0,239.61,240.68,238.36,5759887900.0,24051460.0,2023-06-30,2023-06-30 23:59:59
240.0,243.33,244.56,239.15,11469844958.6,47333310.0,2023-07-03,2023-07-03 23:59:59
243.4,240.7,243.78,240.61,10055387487.4,41561500.0,2023-07-04,2023-07-04 23:59:59
241.49,240.95,241.9,240.24,4814047501.4,19972080.0,2023-07-05,2023-07-05 23:59:59
241.47,240.96,242.47,240.71,5618736214.0,23260340.0,2023-07-06,2023-07-06 23:59:59
241.49,243.67,243.75,240.7,7332444797.9,30275210.0,2023-07-07,2023-07-07 23:59:59
244.21,249.4,249.45,244.2,16071729444.1,65076680.0,2023-07-10,2023-07-10 23:59:59
250.01,247.99,250.2,246.51,12299322430.2,49590820.0,2023-07-11,2023-07-11 23:59:59
248.4,247.52,249.2,246.1,9753032391.9,39316540.0,2023-07-12,2023-07-12 23:59:59
247.97,246.19,248.15,245.34,7288359089.4,29561460.0,2023-07-13,2023-07-13 23:59:59
246.32,246.45,247.05,244.51,6311038243.1,25661560.0,2023-07-14,2023-07-14 23:59:59
244.77,245.39,246.2,243.6,8878816493.1,36193390.0,2023-07-17,2023-07-17 23:59:59
245.8,246.77,247.5,245.26,8881118332.9,36008340.0,2023-07-18,2023-07-18 23:59:59
247.25,245.85,248.1,245.0,7752930513.8,31451760.0,2023-07-19,2023-07-19 23:59:59
246.27,242.7,246.27,242.15,8801178563.7,36027010.0,2023-07-20,2023-07-20 23:59:59
243.18,244.13,244.53,241.7,7857419374.2,32271770.0,2023-07-21,2023-07-21 23:59:59
244.0,244.87,245.85,243.52,4841185545.1,19769440.0,2023-07-24,2023-07-24 23:59:59
245.48,247.2,247.77,244.81,9802524256.7,39733390.0,2023-07-25,2023-07-25 23:59:59
247.2,247.05,248.33,245.9,6452766655.3,26119270.0,2023-07-26,2023-07-26 23:59:59
247.5,247.95,249.3,247.24,9888953807.4,39793470.0,2023-07-27,2023-07-27 23:59:59
248.0,249.25,249.45,246.67,8882595853.3,35776620.0,2023-07-28,2023-07-28 23:59:59
251.33,267.4,267.77,251.33,43588329451.2,167914420.0,2023-07-31,2023-07-31 23:59:59
269.0,268.5,273.35,264.1,43867907028.7,162988910.0,2023-08-01,2023-08-01 23:59:59
268.5,268.57,269.97,266.52,12994793534.9,48418320.0,2023-08-02,2023-08-02 23:59:59
269.0,269.11,271.35,266.8,20410042951.8,75757120.0,2023-08-03,2023-08-03 23:59:59
269.48,264.12,272.96,261.21,35356837729.0,132212230.0,2023-08-04,2023-08-04 23:59:59
266.54,261.92,268.09,260.5,16298932253.3,61531090.0,2023-08-07,2023-08-07 23:59:59
261.92,264.62,265.44,258.8,17041697177.0,65114820.0,2023-08-08,2023-08-08 23:59:59
265.47,263.91,265.8,263.05,9249536249.7,34994150.0,2023-08-09,2023-08-09 23:59:59
264.73,266.91,267.5,263.96,9917152046.2,37292060.0,2023-08-10,2023-08-10 23:59:59
267.26,266.23,267.4,264.8,6609842078.6,24846460.0,2023-08-11,2023-08-11 23:59:59
267.37,260.45,268.77,259.15,22902790188.0,86724810.0,2023-08-14,2023-08-14 23:59:59
259.0,260.42,264.17,256.63,15503423730.3,59232630.0,2023-08-15,2023-08-15 23:59:59
261.29,256.02,261.68,254.33,18480740234.3,71823620.0,2023-08-16,2023-08-16 23:59:59
257.15,258.5,258.8,255.5,9242381700.9,35937920.0,2023-08-17,2023-08-17 23:59:59
258.4,261.14,261.37,257.35,8050824110.9,31064600.0,2023-08-18,2023-08-18 23:59:59
262.44,261.15,263.06,259.51,9346055970.9,35766040.0,2023-08-21,2023-08-21 23:59:59
261.92,261.45,262.11,259.81,6769122940.9,25953320.0,2023-08-22,2023-08-22 23:59:59
261.5,256.4,261.83,256.0,13720905467.1,53116160.0,2023-08-23,2023-08-23 23:59:59
257.63,259.63,259.94,256.4,6959479100.0,26979270.0,2023-08-24,2023-08-24 23:59:59
258.8,260.5,261.6,257.61,7426717866.2,28575150.0,2023-08-25,2023-08-25 23:59:59
261.32,266.93,267.83,260.81,15334069568.9,57897070.0,2023-08-28,2023-08-28 23:59:59
266.7,265.68,267.56,265.14,9425505447.3,35407330.0,2023-08-29,2023-08-29 23:59:59
265.68,264.7,267.36,263.1,10237031481.4,38604380.0,2023-08-30,2023-08-30 23:59:59
265.04,264.85,266.25,264.3,5993343768.2,22582290.0,2023-08-31,2023-08-31 23:59:59
265.4,265.0,265.62,264.06,5100561546.5,19265170.0,2023-09-01,2023-09-01 23:59:59
266.5,267.39,269.11,266.0,12877036020.6,48140770.0,2023-09-04,2023-09-04 23:59:59
266.74,264.75,267.98,261.09,10571300705.4,39811860.0,2023-09-05,2023-09-05 23:59:59
264.33,263.5,264.68,262.31,7464966620.5,28341890.0,2023-09-06,2023-09-06 23:59:59
263.69,258.79,264.97,256.1,17586948788.7,67688600.0,2023-09-07,2023-09-07 23:59:59
258.08,255.68,259.33,253.1,12703139529.3,49562810.0,2023-09-08,2023-09-08 23:59:59
257.0,256.25,258.37,255.16,11118810652.0,43282460.0,2023-09-11,2023-09-11 23:59:59
257.7,262.4,262.4,257.09,11734500325.7,45160820.0,2023-09-12,2023-09-12 23:59:59
262.4,258.18,262.77,257.59,7819067326.6,30051360.0,2023-09-13,2023-09-13 23:59:59
258.9,260.0,261.38,255.02,11926823552.1,46227900.0,2023-09-14,2023-09-14 23:59:59
259.65,260.83,262.74,258.56,9278013469.0,35581630.0,2023-09-15,2023-09-15 23:59:59
262.02,259.07,263.0,258.76,7570774955.6,29037560.0,2023-09-18,2023-09-18 23:59:59
258.99,252.72,259.32,251.5,22788038781.3,89551540.0,2023-09-19,2023-09-19 23:59:59
252.8,253.77,255.47,249.82,16916624771.2,66831270.0,2023-09-20,2023-09-20 23:59:59
252.87,250.16,254.2,249.81,14795034218.3,58913730.0,2023-09-21,2023-09-21 23:59:59
249.85,251.99,253.1,248.62,10243374236.0,40714900.0,2023-09-22,2023-09-22 23:59:59
252.0,252.65,253.49,249.83,8008924561.2,31863690.0,2023-09-25,2023-09-25 23:59:59
252.13,255.87,257.17,250.9,10912472469.6,42960400.0,2023-09-26,2023-09-26 23:59:59
256.2,256.1,257.85,254.63,7148789525.8,27880630.0,2023-09-27,2023-09-27 23:59:59
256.4,257.67,258.25,255.5,6771650933.6,26331160.0,2023-09-28,2023-09-28 23:59:59
258.0,260.72,262.59,256.71,17870619137.4,68533310.0,2023-09-29,2023-09-29 23:59:59
261.37,258.98,261.92,257.03,9234131821.3,35574470.0,2023-10-02,2023-10-02 23:59:59
258.99,259.65,260.5,257.23,6193849314.7,23911430.0,2023-10-03,2023-10-03 23:59:59
259.0,259.53,260.39,258.24,4816207232.0,18571620.0,2023-10-04,2023-10-04 23:59:59
260.7,259.38,261.39,258.26,6111704653.5,23501620.0,2023-10-05,2023-10-05 23:59:59
259.77,262.93,263.4,257.86,8338546572.1,32001280.0,2023-10-06,2023-10-06 23:59:59
263.0,265.25,265.97,263.0,12036758886.8,45447720.0,2023-10-09,2023-10-09 23:59:59
264.89,263.0,265.18,257.0,8962447421.9,34001290.0,2023-10-10,2023-10-10 23:59:59
263.3,260.21,263.99,259.5,7743000723.4,29495790.0,2023-10-11,2023-10-11 23:59:59
260.0,264.5,264.5,259.66,7233267191.0,27549160.0,2023-10-12,2023-10-12 23:59:59
264.89,263.51,265.04,262.7,4851837828.5,18408670.0,2023-10-13,2023-10-13 23:59:59
264.0,268.15,269.2,263.51,14344201420.1,53723180.0,2023-10-16,2023-10-16 23:59:59
268.3,270.0,271.97,266.91,13825850433.3,51214360.0,2023-10-17,2023-10-17 23:59:59
270.0,267.9,271.19,266.11,10845314693.3,40380530.0,2023-10-18,2023-10-18 23:59:59
267.13,268.65,271.0,266.28,9007682323.1,33532880.0,2023-10-19,2023-10-19 23:59:59
268.5,269.8,270.3,266.5,8836450519.3,32879730.0,2023-10-20,2023-10-20 23:59:59
270.45,270.1,274.1,269.65,16984291674.3,62432160.0,2023-10-23,2023-10-23 23:59:59
270.0,271.27,272.06,268.62,7588324230.3,28029860.0,2023-10-24,2023-10-24 23:59:59
271.5,273.73,274.96,270.53,11415367308.1,41830970.0,2023-10-25,2023-10-25 23:59:59
274.11,269.9,276.0,269.12,16225541281.4,59497750.0,2023-10-26,2023-10-26 23:59:59
269.93,269.7,271.98,266.8,13403054524.8,49779630.0,2023-10-27,2023-10-27 23:59:59
269.9,269.89,271.55,268.6,9008697112.8,33345990.0,2023-10-30,2023-10-30 23:59:59
270.0,268.35,270.5,266.87,7029773669.2,26210450.0,2023-10-31,2023-10-31 23:59:59
268.29,269.68,270.3,267.6,5549754579.7,20609480.0,2023-11-01,2023-11-01 23:59:59
270.0,269.06,270.98,268.5,6944685370.1,25751530.0,2023-11-02,2023-11-02 23:59:59
269.07,268.54,269.78,267.2,5636878200.6,20981280.0,2023-11-03,2023-11-03 23:59:59
269.0,273.42,273.87,268.62,7958186555.7,29274160.0,2023-11-06,2023-11-06 23:59:59
273.01,273.31,274.78,272.2,8823191181.7,32275170.0,2023-11-07,2023-11-07 23:59:59
273.64,278.15,278.35,273.28,16058628329.9,58032670.0,2023-11-08,2023-11-08 23:59:59
278.6,276.65,278.85,276.02,7882378166.5,28430630.0,2023-11-09,2023-11-09 23:59:59
276.99,280.19,281.3,276.6,12486368414.0,44643290.0,2023-11-10,2023-11-10 23:59:59
280.4,283.97,284.8,280.32,12987568839.3,45887770.0,2023-11-13,2023-11-13 23:59:59
283.7,280.87,283.88,280.54,11420870892.9,40484810.0,2023-11-14,2023-11-14 23:59:59
280.87,282.89,283.93,278.51,11759519733.3,41837690.0,2023-11-15,2023-11-15 23:59:59
282.4,279.7,283.69,279.56,6960894309.1,24696600.0,2023-11-16,2023-11-16 23:59:59
279.7,281.6,282.5,278.66,8802030848.8,31322320.0,2023-11-17,2023-11-17 23:59:59
281.96,282.91,284.2,281.61,7159259895.1,25291010.0,2023-11-20,2023-11-20 23:59:59
282.3,282.79,283.82,281.66,5398749981.4,19099390.0,2023-11-21,2023-11-21 23:59:59
283.12,286.16,286.67,282.85,13495087731.8,47296890.0,2023-11-22,2023-11-22 23:59:59
286.16,286.19,287.77,285.04,7943750424.6,27724080.0,2023-11-23,2023-11-23 23:59:59
286.49,286.85,287.5,285.11,7464158319.9,26067870.0,2023-11-24,2023-11-24 23:59:59
287.4,282.33,289.0,278.88,22471824107.9,79146090.0,2023-11-27,2023-11-27 23:59:59
282.4,279.91,282.51,277.32,12723607276.7,45507410.0,2023-11-28,2023-11-28 23:59:59
279.36,276.8,280.56,276.2,8285652355.3,29820830.0,2023-11-29,2023-11-29 23:59:59
276.7,277.5,278.65,272.75,15391411364.4,55873540.0,2023-11-30,2023-11-30 23:59:59
277.0,273.97,277.98,273.55,8726777005.9,31660970.0,2023-12-01,2023-12-01 23:59:59
273.6,270.96,274.95,270.52,10274823032.6,37700740.0,2023-12-04,2023-12-04 23:59:59
271.98,279.62,279.65,270.54,12898716767.4,46892570.0,2023-12-05,2023-12-05 23:59:59
279.92,267.58,280.79,266.83,27232146023.6,100020030.0,2023-12-06,2023-12-06 23:59:59
267.62,265.12,270.44,263.06,16923520867.1,63564530.0,2023-12-07,2023-12-07 23:59:59
266.0,265.16,268.23,263.72,9405705680.8,35364310.0,2023-12-08,2023-12-08 23:59:59
265.17,256.89,266.47,254.81,20147540396.1,77668070.0,2023-12-11,2023-12-11 23:59:59
256.79,257.6,262.88,255.05,16571022504.0,63932170.0,2023-12-12,2023-12-12 23:59:59
257.6,260.45,261.39,256.5,7735550777.2,29836400.0,2023-12-13,2023-12-13 23:59:59
261.4,256.64,262.75,255.58,10532813145.4,40549660.0,2023-12-14,2023-12-14 23:59:59
256.6,268.21,268.91,256.6,22341539421.4,84668740.0,2023-12-15,2023-12-15 23:59:59
268.93,268.4,270.44,266.54,13852221892.9,51602470.0,2023-12-18,2023-12-18 23:59:59
268.38,267.35,269.71,265.0,10231074172.7,38287810.0,2023-12-19,2023-12-19 23:59:59
267.51,266.61,269.1,266.2,8324805931.0,31094000.0,2023-12-20,2023-12-20 23:59:59
266.4,265.19,266.87,263.5,8829664891.8,33301420.0,2023-12-21,2023-12-21 23:59:59
266.06,271.3,271.9,265.37,15866126899.5,58724860.0,2023-12-22,2023-12-22 23:59:59
271.72,271.08,273.85,270.05,10373920560.6,38115690.0,2023-12-25,2023-12-25 23:59:59
